"sno","name","symbol","date","high","low","open","close","volume","marketcap"
2165,"Litecoin","LTC","2019-04-02","$77.41","$60.54","$60.70","$76.19",4161362861.41264,4660552087.71317
2166,"Litecoin","LTC","2019-04-03","$97.50","$76.01","$76.26","$84.92",6206102118.69064,5195750178.10245
2167,"Litecoin","LTC","2019-04-04","$89.34","$81.57","$85.17","$84.98",4195622761.03396,5200609304.87696
2168,"Litecoin","LTC","2019-04-05","$89.58","$84.92","$85.04","$88.68",3512861847.24127,5428143570.74244
2169,"Litecoin","LTC","2019-04-06","$96.74","$86.31","$88.71","$92.57",3857950928.59527,5667977475.93086
2170,"Litecoin","LTC","2019-04-07","$95.39","$90.09","$92.42","$92.31",3314848880.20761,5653406711.33037
2171,"Litecoin","LTC","2019-04-08","$93.82","$87.06","$92.33","$89.49",3295695861.98141,5482058436.94245
2174,"Litecoin","LTC","2019-04-11","$88.52","$76.66","$88.39","$79.68",3461535999.62119,4884140000.13637
2187,"Litecoin","LTC","2019-04-24","$75.24","$71.36","$74.75","$73.31",3347048436.05449,4507411995.932
2196,"Litecoin","LTC","2019-05-03","$80.42","$73.44","$73.76","$79.33",3850339791.87758,4887671308.36029
2197,"Litecoin","LTC","2019-05-04","$82.02","$75.80","$79.31","$78.06",3502670654.94666,4810952019.45219
2204,"Litecoin","LTC","2019-05-11","$94.54","$77.11","$77.16","$89.22",5491744172.81669,5507753608.50018
2205,"Litecoin","LTC","2019-05-12","$93.18","$83.82","$89.54","$84.57",5582599422.01167,5221525879.06739
2206,"Litecoin","LTC","2019-05-13","$92.37","$84.30","$84.63","$88.06",4658762983.66769,5438466607.83614
2207,"Litecoin","LTC","2019-05-14","$93.37","$87.66","$88.05","$91.62",4930071295.67063,5659766830.46779
2208,"Litecoin","LTC","2019-05-15","$103.14","$90.82","$91.66","$101.74",5168624435.91396,6286790204.70114
2209,"Litecoin","LTC","2019-05-16","$106.21","$92.57","$101.57","$95.59",6442000275.56727,5907639438.74697
2210,"Litecoin","LTC","2019-05-17","$97.26","$84.94","$95.63","$89.00",5319840521.08299,5501612937.92351
2211,"Litecoin","LTC","2019-05-18","$89.87","$85.80","$89.01","$86.70",3317998477.50726,5360906927.31862
2212,"Litecoin","LTC","2019-05-19","$96.54","$86.13","$86.68","$95.32",4108852208.45884,5895349548.68578
2213,"Litecoin","LTC","2019-05-20","$95.34","$88.57","$95.34","$91.49",3566921482.87564,5659972915.12678
2215,"Litecoin","LTC","2019-05-22","$92.00","$87.55","$91.51","$88.21",3398528443.10461,5459427424.33731
2217,"Litecoin","LTC","2019-05-24","$102.75","$88.32","$88.97","$99.90",5393657681.96863,6185976031.07578
2218,"Litecoin","LTC","2019-05-25","$104.11","$98.72","$100.05","$102.67",4507357464.92976,6358963965.05293
2219,"Litecoin","LTC","2019-05-26","$112.67","$99.74","$102.70","$111.42",5168378348.59575,6902346395.20695
2220,"Litecoin","LTC","2019-05-27","$120.69","$111.13","$111.44","$118.03",6355361291.2383,7313766497.89417
2221,"Litecoin","LTC","2019-05-28","$117.89","$112.99","$117.89","$114.93",4171886802.27413,7123212215.21773
2222,"Litecoin","LTC","2019-05-29","$117.87","$110.47","$114.93","$115.08",4122926835.91589,7134213755.22187
2223,"Litecoin","LTC","2019-05-30","$119.74","$105.30","$115.14","$108.80",4971290021.77448,6746180187.02347
2224,"Litecoin","LTC","2019-05-31","$114.63","$105.91","$108.70","$114.54",4207966340.98949,7103874447.65817
2225,"Litecoin","LTC","2019-06-01","$115.61","$111.68","$114.47","$112.62",3807158511.10549,6986544718.34916
2226,"Litecoin","LTC","2019-06-02","$116.25","$111.91","$112.71","$114.70",3434073036.50241,7117549253.45308
2227,"Litecoin","LTC","2019-06-03","$115.91","$106.46","$114.67","$107.47",3832352495.94199,6670082969.54888
2228,"Litecoin","LTC","2019-06-04","$107.37","$99.29","$107.37","$102.09",4316694182.65041,6337614782.6016
2229,"Litecoin","LTC","2019-06-05","$104.84","$101.22","$102.12","$103.85",3585162871.53059,6448454321.62205
2230,"Litecoin","LTC","2019-06-06","$111.33","$102.09","$103.81","$111.11",4142250661.75984,6900772771.87922
2231,"Litecoin","LTC","2019-06-07","$120.64","$109.59","$110.98","$117.37",5140908476.51775,7291832560.83081
2232,"Litecoin","LTC","2019-06-08","$119.50","$114.46","$117.28","$118.55",4689557936.47199,7366835517.33366
2233,"Litecoin","LTC","2019-06-09","$119.13","$112.57","$118.59","$115.13",4360301111.3921,7156126159.80744
2234,"Litecoin","LTC","2019-06-10","$129.71","$113.17","$115.00","$129.07",5449266883.89732,8024339041.41346
2235,"Litecoin","LTC","2019-06-11","$138.15","$125.96","$129.26","$136.03",5441787587.33504,8458730744.53945
2236,"Litecoin","LTC","2019-06-12","$142.71","$132.24","$136.09","$135.65",5855623530.11169,8437276929.96619
2237,"Litecoin","LTC","2019-06-13","$136.89","$129.14","$135.68","$131.35",4947794845.21688,8171623427.09053
2238,"Litecoin","LTC","2019-06-14","$133.18","$126.86","$131.31","$133.05",4352005824.20009,8279439668.96264
2239,"Litecoin","LTC","2019-06-15","$139.19","$133.14","$133.18","$138.13",4329002012.52911,8597209350.69653
2240,"Litecoin","LTC","2019-06-16","$138.79","$134.54","$138.15","$137.12",4372645800.59513,8536706966.91652
2242,"Litecoin","LTC","2019-06-18","$135.92","$129.75","$134.47","$135.16",3720828768.62163,8418405569.54257
2243,"Litecoin","LTC","2019-06-19","$139.34","$134.03","$135.15","$136.60",4383960510.04954,8510498678.41247
2244,"Litecoin","LTC","2019-06-20","$137.08","$132.64","$136.60","$135.48",3880682308.14237,8442646196.59256
2245,"Litecoin","LTC","2019-06-21","$141.07","$135.51","$135.51","$138.88",4378260962.93236,8656823082.61577
2246,"Litecoin","LTC","2019-06-22","$146.43","$138.48","$139.04","$141.90",5488615001.82368,8847068563.78605
2247,"Litecoin","LTC","2019-06-23","$142.56","$136.32","$141.95","$136.88",3998980168.47685,8536077179.26101
2248,"Litecoin","LTC","2019-06-24","$138.69","$132.83","$136.92","$135.53",3907725104.56597,8454028779.55437
2249,"Litecoin","LTC","2019-06-25","$138.12","$130.89","$135.58","$136.49",4411092399.71423,8515726713.41868
2250,"Litecoin","LTC","2019-06-26","$138.32","$128.94","$136.48","$131.27",5565887284.84387,8191677322.78247
2251,"Litecoin","LTC","2019-06-27","$132.04","$110.67","$131.22","$114.40",5588611122.23092,7141234400.19192
2252,"Litecoin","LTC","2019-06-28","$122.02","$113.47","$114.41","$120.15",4683311766.21581,7501601230.37516
2253,"Litecoin","LTC","2019-06-29","$135.74","$116.22","$120.16","$133.66",5745785825.26624,8347117542.2179
2254,"Litecoin","LTC","2019-06-30","$136.26","$120.44","$133.72","$122.25",5525273220.32067,7636046758.42335
2255,"Litecoin","LTC","2019-07-01","$126.02","$114.22","$122.11","$122.58",5034162435.6346,7658690466.45716
2256,"Litecoin","LTC","2019-07-02","$123.29","$112.65","$122.56","$119.24",4761878443.46755,7451762462.53724
2257,"Litecoin","LTC","2019-07-03","$123.74","$118.37","$119.33","$122.56",4529682890.30797,7661188686.13139
2258,"Litecoin","LTC","2019-07-04","$126.67","$119.05","$122.50","$119.98",4564200301.10404,7501164314.57023
2259,"Litecoin","LTC","2019-07-05","$120.65","$117.15","$119.84","$118.35",4110868216.6924,7401137488.10874
2260,"Litecoin","LTC","2019-07-06","$121.29","$117.33","$118.38","$117.82",3484378308.29226,7369730846.17327
2261,"Litecoin","LTC","2019-07-07","$120.33","$117.64","$118.03","$120.32",3348662401.1062,7527688154.66055
2262,"Litecoin","LTC","2019-07-08","$125.08","$118.60","$120.28","$123.29",3803750017.35219,7714781782.64145
2263,"Litecoin","LTC","2019-07-09","$124.17","$118.23","$123.25","$119.43",3785641024.68485,7475393727.68533
2264,"Litecoin","LTC","2019-07-10","$120.10","$103.82","$119.50","$108.50",4699511837.82323,6792744022.32708
2265,"Litecoin","LTC","2019-07-11","$108.57","$97.28","$108.57","$102.64",4633853162.43535,6427725958.27728
2266,"Litecoin","LTC","2019-07-12","$106.36","$101.21","$102.83","$105.30",3611846208.26299,6595612500.36637
2267,"Litecoin","LTC","2019-07-13","$105.59","$98.01","$105.29","$101.02",3353538170.94352,6329505235.46182
2268,"Litecoin","LTC","2019-07-14","$101.68","$88.81","$101.11","$89.77",3717531245.50947,5625773339.07289
2269,"Litecoin","LTC","2019-07-15","$92.63","$85.68","$89.86","$90.92",3570361792.93554,5699307529.95997
2270,"Litecoin","LTC","2019-07-16","$92.06","$77.50","$90.90","$79.50",3703346636.19968,4984318766.63757
2271,"Litecoin","LTC","2019-07-17","$93.05","$77.50","$79.41","$89.81",4616360556.32518,5632042532.27657
2272,"Litecoin","LTC","2019-07-18","$103.15","$87.45","$89.69","$101.09",4890332055.6173,6340559062.69637
2273,"Litecoin","LTC","2019-07-19","$101.18","$95.72","$101.08","$98.40",3983990085.22626,6173653346.73402
2274,"Litecoin","LTC","2019-07-20","$104.61","$97.71","$98.46","$100.61",3771308934.29337,6313476233.02389
2278,"Litecoin","LTC","2019-07-24","$96.42","$88.15","$90.46","$94.31",3247150969.76677,5923434070.71243
2290,"Litecoin","LTC","2019-08-05","$105.59","$93.09","$93.09","$96.83",4134352823.00362,6098470159.22262
2291,"Litecoin","LTC","2019-08-06","$98.98","$91.66","$96.89","$93.07",3245339848.92204,5861986121.13558
2300,"Litecoin","LTC","2019-08-15","$78.51","$73.00","$76.13","$76.39",3654075558.03478,4815969361.44296
2334,"Litecoin","LTC","2019-09-18","$79.66","$74.15","$74.23","$77.97",3665577128.90792,4934275012.3309
2335,"Litecoin","LTC","2019-09-19","$78.05","$73.38","$77.92","$77.06",3778427056.17657,4877292701.70278
2340,"Litecoin","LTC","2019-09-24","$67.61","$55.82","$66.84","$55.82",3919809840.28657,3535218520.53611
2341,"Litecoin","LTC","2019-09-25","$58.36","$54.25","$55.83","$57.66",3360298410.23924,3651789616.19822
2371,"Litecoin","LTC","2019-10-25","$57.32","$49.61","$50.11","$56.94",3770902915.92293,3618037379.51415
2372,"Litecoin","LTC","2019-10-26","$61.73","$54.73","$56.95","$56.78",5234627156.82323,3607985866.66969
2373,"Litecoin","LTC","2019-10-27","$61.87","$55.92","$56.80","$59.91",4218140032.00449,3807830063.13511
2374,"Litecoin","LTC","2019-10-28","$61.91","$57.67","$59.92","$58.13",3793848575.64559,3694652650.76792
2375,"Litecoin","LTC","2019-10-29","$60.66","$58.05","$58.05","$59.87",3582210705.36064,3805805251.4974
2376,"Litecoin","LTC","2019-10-30","$60.89","$57.60","$59.87","$58.42",3387114094.66878,3714109861.44122
2378,"Litecoin","LTC","2019-11-01","$58.75","$57.72","$58.75","$58.58",3425154368.20905,3725245519.55474
2379,"Litecoin","LTC","2019-11-02","$59.33","$58.22","$58.58","$58.60",3353942165.87274,3726483414.93098
2380,"Litecoin","LTC","2019-11-03","$58.97","$57.64","$58.59","$58.63",3259935586.02476,3728676101.92629
2381,"Litecoin","LTC","2019-11-04","$62.18","$58.38","$58.60","$61.57",4164854558.8008,3916584190.92321
2382,"Litecoin","LTC","2019-11-05","$64.00","$61.32","$61.58","$63.30",4725921529.06701,4027051777.6949
2383,"Litecoin","LTC","2019-11-06","$64.27","$62.96","$63.35","$64.27",3755244862.81753,4088991803.04443
2384,"Litecoin","LTC","2019-11-07","$64.41","$61.08","$64.24","$61.84",3557191962.94418,3935124153.30476
2385,"Litecoin","LTC","2019-11-08","$62.45","$59.51","$61.88","$60.53",3414910991.02566,3852007191.27935
2387,"Litecoin","LTC","2019-11-10","$64.60","$61.81","$61.90","$63.84",3611586094.45861,4063643935.84045
2389,"Litecoin","LTC","2019-11-12","$62.47","$60.69","$61.93","$61.34",3333604208.03491,3905317177.68407
2399,"Litecoin","LTC","2019-11-22","$51.39","$44.89","$50.88","$47.62",3734545939.19382,3034882008.08833
2402,"Litecoin","LTC","2019-11-25","$47.27","$42.96","$44.77","$45.83",3408224795.4931,2919784837.91385
2424,"Litecoin","LTC","2019-12-17","$40.42","$36.93","$40.36","$37.08",3283924745.5692,2360532950.28364
2425,"Litecoin","LTC","2019-12-18","$41.10","$36.67","$37.12","$40.78",3845534650.04419,2596036804.50942
2435,"Litecoin","LTC","2019-12-28","$43.81","$41.13","$41.17","$42.84",3260638655.5145,2730585594.27153
2436,"Litecoin","LTC","2019-12-29","$44.45","$42.44","$42.80","$43.67",3573796558.16521,2783708411.61111
2437,"Litecoin","LTC","2019-12-30","$44.60","$42.43","$43.75","$42.75",3330795171.24351,2725146759.71648
2441,"Litecoin","LTC","2020-01-03","$42.45","$39.45","$39.86","$42.42",3260961325.822,2705193552.07394
2444,"Litecoin","LTC","2020-01-06","$45.96","$43.49","$43.60","$45.82",3349237768.46002,2923126043.86312
2445,"Litecoin","LTC","2020-01-07","$46.86","$44.72","$45.84","$46.42",3611521906.9089,2962310516.95881
2446,"Litecoin","LTC","2020-01-08","$48.20","$44.63","$46.45","$45.65",3633957130.07767,2913485628.97714
2448,"Litecoin","LTC","2020-01-10","$49.17","$44.03","$45.21","$48.73",3808140301.81121,3110300142.30913
2449,"Litecoin","LTC","2020-01-11","$51.33","$48.09","$48.63","$49.26",3915781114.72054,3144901794.18387
2450,"Litecoin","LTC","2020-01-12","$51.30","$49.01","$49.32","$51.08",3858852964.36296,3261300810.31983
2451,"Litecoin","LTC","2020-01-13","$51.39","$48.93","$51.12","$49.73",3336204743.56523,3175647876.49272
2452,"Litecoin","LTC","2020-01-14","$59.88","$49.69","$49.70","$58.48",5729547956.43701,3734400000.39414
2453,"Litecoin","LTC","2020-01-15","$59.92","$56.17","$58.39","$58.05",5070738793.30109,3707655222.58748
2454,"Litecoin","LTC","2020-01-16","$58.30","$55.15","$58.05","$57.62",4347723834.9347,3680300934.20337
2455,"Litecoin","LTC","2020-01-17","$62.89","$56.90","$57.64","$61.49",5067456613.48522,3927821846.14104
2456,"Litecoin","LTC","2020-01-18","$62.17","$58.53","$61.30","$59.41",4426051529.71507,3795493154.25941
2457,"Litecoin","LTC","2020-01-19","$61.79","$56.18","$59.45","$57.80",4197776578.68487,3693201721.77624
2458,"Litecoin","LTC","2020-01-20","$58.09","$56.23","$57.78","$57.20",3306438947.44547,3655443935.01604
2461,"Litecoin","LTC","2020-01-23","$58.48","$53.39","$58.35","$54.63",3348002983.33679,3492096602.22559
2462,"Litecoin","LTC","2020-01-24","$55.42","$51.36","$54.64","$54.53",3532776555.52381,3486182447.20276
2464,"Litecoin","LTC","2020-01-26","$56.48","$53.30","$53.69","$56.21",3283750798.49327,3594505100.16954
2465,"Litecoin","LTC","2020-01-27","$59.58","$56.08","$56.28","$58.76",3832184227.86021,3758010753.36975
2466,"Litecoin","LTC","2020-01-28","$61.15","$57.76","$58.77","$60.67",4220742210.18393,3880511637.37876
2467,"Litecoin","LTC","2020-01-29","$62.25","$59.78","$60.66","$60.08",3894445882.40258,3842950242.10892
2468,"Litecoin","LTC","2020-01-30","$69.74","$58.78","$60.01","$68.16",6042169956.67119,4360322857.5384
2469,"Litecoin","LTC","2020-01-31","$69.38","$65.79","$68.18","$67.88",5718104790.66037,4342918712.96638
2470,"Litecoin","LTC","2020-02-01","$72.28","$67.66","$67.91","$70.82",6009767448.79293,4531596557.01167
2471,"Litecoin","LTC","2020-02-02","$73.25","$68.13","$70.80","$70.23",5482993030.01137,4494447998.52864
2472,"Litecoin","LTC","2020-02-03","$72.39","$68.97","$69.99","$69.78",4965069689.68579,4466102181.37692
2473,"Litecoin","LTC","2020-02-04","$70.33","$66.90","$69.77","$68.20",4449652116.98022,4365253454.34443
2474,"Litecoin","LTC","2020-02-05","$73.18","$67.88","$68.11","$72.49",5169585841.4261,4640906807.77916
2475,"Litecoin","LTC","2020-02-06","$74.66","$71.11","$72.53","$73.39",5463272393.89081,4698795736.67436
2476,"Litecoin","LTC","2020-02-07","$74.96","$73.22","$73.47","$74.36",5051951257.51834,4761261677.47661
2477,"Litecoin","LTC","2020-02-08","$77.42","$72.14","$74.40","$76.47",5496860398.60965,4897092474.763
2478,"Litecoin","LTC","2020-02-09","$78.20","$75.69","$76.45","$77.09",5145711108.25117,4937660993.83164
2479,"Litecoin","LTC","2020-02-10","$77.56","$73.12","$77.14","$74.34",5373709984.29828,4761554712.00706
2480,"Litecoin","LTC","2020-02-11","$76.63","$72.85","$74.35","$76.60",4742120918.08473,4906933360.61766
2481,"Litecoin","LTC","2020-02-12","$82.27","$76.45","$76.49","$81.30",5701884853.96879,5208558723.52776
2482,"Litecoin","LTC","2020-02-13","$83.69","$78.58","$81.23","$80.40",6579062945.77952,5151873617.04259
2483,"Litecoin","LTC","2020-02-14","$83.46","$79.43","$80.38","$82.99",5382846670.28234,5318240171.30672
2484,"Litecoin","LTC","2020-02-15","$83.38","$76.10","$83.03","$76.51",5612667759.56768,4903772880.91942
2485,"Litecoin","LTC","2020-02-16","$80.41","$69.58","$76.73","$75.15",6186098306.24777,4817137103.87453
2486,"Litecoin","LTC","2020-02-17","$75.38","$69.44","$74.97","$73.25",5593944695.3746,4695804838.0801
2487,"Litecoin","LTC","2020-02-18","$78.01","$70.89","$73.19","$77.04",5600214717.12977,4938917809.42187
2488,"Litecoin","LTC","2020-02-19","$78.20","$70.54","$77.08","$71.14",5298677184.98525,4561234454.56065
2489,"Litecoin","LTC","2020-02-20","$72.17","$67.46","$70.98","$69.62",5500324692.5389,4464832281.61714
2490,"Litecoin","LTC","2020-02-21","$74.94","$68.91","$69.57","$73.45",5579449655.93044,4710680778.75835
2491,"Litecoin","LTC","2020-02-22","$76.49","$72.57","$73.49","$75.13",5547090433.51029,4819103853.72072
2492,"Litecoin","LTC","2020-02-23","$79.80","$74.98","$75.07","$79.54",5702486428.06094,5102126284.54994
2493,"Litecoin","LTC","2020-02-24","$79.56","$72.38","$79.56","$75.54",6355612213.88552,4846065099.85646
2494,"Litecoin","LTC","2020-02-25","$75.81","$70.07","$75.50","$71.18",5755711245.57461,4567178980.03405
2495,"Litecoin","LTC","2020-02-26","$71.86","$58.58","$71.18","$61.01",6518313483.12219,3915328585.38115
2496,"Litecoin","LTC","2020-02-27","$64.62","$57.80","$61.03","$61.51",5649302853.74726,3947440768.73214
2497,"Litecoin","LTC","2020-02-28","$63.17","$57.84","$61.44","$59.76",5266399748.6559,3835945102.94536
2498,"Litecoin","LTC","2020-02-29","$61.38","$58.39","$59.75","$58.54",4168117351.85237,3758049403.71261
2499,"Litecoin","LTC","2020-03-01","$60.12","$56.65","$58.53","$57.96",4317287190.84129,3720790354.56804
2500,"Litecoin","LTC","2020-03-02","$61.94","$57.55","$57.98","$61.00",5309970237.88303,3916306948.94335
2501,"Litecoin","LTC","2020-03-03","$62.35","$60.01","$61.02","$61.14",5412760345.07413,3926290828.60851
2502,"Litecoin","LTC","2020-03-04","$61.57","$59.36","$61.14","$60.38",4429853607.71244,3877791381.7986
2503,"Litecoin","LTC","2020-03-05","$63.14","$60.40","$60.40","$62.05",4712202708.54251,3985045688.73304
2504,"Litecoin","LTC","2020-03-06","$63.77","$61.46","$62.05","$63.03",4766934523.74733,4048469920.73801
2505,"Litecoin","LTC","2020-03-07","$63.76","$60.50","$63.02","$60.55",4258036532.21471,3889681823.51436
2506,"Litecoin","LTC","2020-03-08","$60.61","$51.73","$60.58","$51.73",4523736331.4655,3323571635.84575
2507,"Litecoin","LTC","2020-03-09","$52.31","$47.28","$51.64","$50.17",5097423293.57966,3223665284.07713
2508,"Litecoin","LTC","2020-03-10","$51.25","$49.40","$50.48","$50.26",3945792927.08311,3229716139.88373
2509,"Litecoin","LTC","2020-03-11","$50.61","$46.24","$50.26","$48.46",3807551814.02916,3114857126.06501
2510,"Litecoin","LTC","2020-03-12","$48.56","$30.63","$48.45","$30.93",5417383295.73372,1988180693.58716
2511,"Litecoin","LTC","2020-03-13","$39.25","$25.57","$31.00","$37.44",7552238198.43338,2406597115.74057
2512,"Litecoin","LTC","2020-03-14","$37.60","$34.04","$37.54","$34.40",3270465986.09608,2211281927.63961
2513,"Litecoin","LTC","2020-03-15","$38.23","$34.20","$34.41","$36.44",3434485462.82798,2342660615.54686
2514,"Litecoin","LTC","2020-03-16","$36.45","$30.61","$36.45","$32.88",4079630236.47544,2113940825.14022
2515,"Litecoin","LTC","2020-03-17","$35.42","$32.79","$32.90","$33.56",3289527849.07846,2158391140.75959
2517,"Litecoin","LTC","2020-03-19","$40.23","$33.71","$33.72","$39.07",4157185543.07768,2513235592.85531
2518,"Litecoin","LTC","2020-03-20","$43.33","$35.59","$39.11","$38.13",4537692969.94384,2452922646.28906
2519,"Litecoin","LTC","2020-03-21","$39.34","$36.95","$38.08","$38.34",3438721430.43368,2466743817.88634
2521,"Litecoin","LTC","2020-03-23","$38.85","$35.42","$35.58","$38.77",3598154774.15441,2494558924.67835
2522,"Litecoin","LTC","2020-03-24","$40.75","$38.27","$38.75","$40.49",3331925793.15284,2605834453.80344
2528,"Litecoin","LTC","2020-03-30","$39.32","$37.26","$37.26","$39.14",3318334904.68658,2520514843.49531
2529,"Litecoin","LTC","2020-03-31","$39.37","$38.68","$39.12","$39.30",3359087002.31295,2531157609.62295
2530,"Litecoin","LTC","2020-04-01","$39.38","$37.45","$39.28","$39.38",3303999600.09414,2536712327.1262
2531,"Litecoin","LTC","2020-04-02","$41.65","$39.25","$39.36","$39.87",3985953572.41378,2568780270.95676
2532,"Litecoin","LTC","2020-04-03","$41.08","$39.68","$39.89","$40.36",3482692345.50905,2600305499.79946
2535,"Litecoin","LTC","2020-04-06","$44.49","$40.54","$40.66","$44.39",4287968686.90617,2861077283.48652
2536,"Litecoin","LTC","2020-04-07","$47.20","$44.11","$44.40","$44.67",4391267712.70938,2879255749.72236
2537,"Litecoin","LTC","2020-04-08","$46.75","$44.35","$44.68","$46.32",3831132142.35118,2986094916.74108
2538,"Litecoin","LTC","2020-04-09","$46.58","$45.17","$46.35","$46.38",3628019377.8433,2990629539.46989
2539,"Litecoin","LTC","2020-04-10","$46.47","$41.33","$46.40","$42.27",4008964132.66398,2725609591.43878
2540,"Litecoin","LTC","2020-04-11","$42.97","$41.69","$42.26","$42.32",3374908252.44926,2729109196.39589
2541,"Litecoin","LTC","2020-04-12","$43.29","$42.01","$42.32","$42.45",3639638078.0167,2737892510.35982
2542,"Litecoin","LTC","2020-04-13","$42.50","$39.96","$42.50","$41.20",3998289643.77248,2657814813.06905
2543,"Litecoin","LTC","2020-04-14","$41.82","$40.68","$41.22","$41.05",3713345005.74459,2648383666.1231
2544,"Litecoin","LTC","2020-04-15","$41.71","$39.45","$41.08","$39.59",3696959520.5053,2554181140.80764
2545,"Litecoin","LTC","2020-04-16","$43.01","$38.60","$39.64","$42.69",4985504369.14096,2754496414.77445
2546,"Litecoin","LTC","2020-04-17","$43.21","$42.00","$42.68","$42.75",4096625537.59206,2758454401.3144
2547,"Litecoin","LTC","2020-04-18","$44.38","$42.53","$42.75","$44.36",4508378328.65169,2863206054.19197
2548,"Litecoin","LTC","2020-04-19","$44.51","$42.60","$44.35","$42.63",4563334113.64323,2751996674.53682
2549,"Litecoin","LTC","2020-04-20","$43.38","$40.46","$42.67","$40.83",4293209435.20989,2635710772.03614
2550,"Litecoin","LTC","2020-04-21","$41.26","$40.42","$40.81","$41.04",3954491837.67891,2649690809.70458
2551,"Litecoin","LTC","2020-04-22","$42.32","$40.69","$40.99","$41.89",4029531589.40831,2704698254.14239
2552,"Litecoin","LTC","2020-04-23","$43.37","$41.43","$41.88","$42.94",4757478697.50222,2772774520.46378
2553,"Litecoin","LTC","2020-04-24","$45.17","$42.94","$42.99","$44.81",4786600722.96816,2894063140.41654
2554,"Litecoin","LTC","2020-04-25","$45.65","$44.37","$44.82","$44.71",4769855703.6491,2888203931.01368
2555,"Litecoin","LTC","2020-04-26","$45.34","$44.31","$44.72","$44.69",4687873110.9512,2886855017.58397
2556,"Litecoin","LTC","2020-04-27","$45.42","$43.89","$44.68","$44.71",4473729901.79975,2888544818.82932
2557,"Litecoin","LTC","2020-04-28","$46.31","$44.07","$44.74","$46.03",4413476560.65641,2974099482.99757
2558,"Litecoin","LTC","2020-04-29","$49.62","$46.01","$46.09","$49.18",5673988959.55956,3178164248.78894
2559,"Litecoin","LTC","2020-04-30","$50.92","$46.58","$49.15","$46.71",5724477325.2358,3019046192.75335
2560,"Litecoin","LTC","2020-05-01","$48.60","$46.71","$46.71","$47.79",4581731064.74131,3089051663.3358
2561,"Litecoin","LTC","2020-05-02","$49.57","$47.45","$47.77","$49.46",4453777870.91606,3197119849.94594
2562,"Litecoin","LTC","2020-05-03","$50.04","$47.55","$49.46","$48.27",4667453994.48351,3120493727.30021
2563,"Litecoin","LTC","2020-05-04","$48.35","$46.04","$48.24","$47.47",4488284399.68675,3069527724.70814
2564,"Litecoin","LTC","2020-05-05","$47.91","$46.37","$47.45","$46.79",4187625276.74312,3025540504.42626
2565,"Litecoin","LTC","2020-05-06","$47.78","$45.94","$46.77","$45.94",4575858023.40519,2971266131.46463
2566,"Litecoin","LTC","2020-05-07","$48.07","$45.03","$46.02","$47.33",5080727910.02267,3061336365.02349
2567,"Litecoin","LTC","2020-05-08","$48.55","$46.63","$47.31","$47.88",4780707207.36296,3097356143.85059
2568,"Litecoin","LTC","2020-05-09","$48.94","$47.13","$47.84","$47.27",4740601427.72381,3058380576.83274
2569,"Litecoin","LTC","2020-05-10","$47.26","$40.57","$47.26","$42.37",5783062532.3629,2741254063.45503
2570,"Litecoin","LTC","2020-05-11","$42.86","$40.14","$42.36","$41.70",5121746342.99833,2698347047.69
2571,"Litecoin","LTC","2020-05-12","$42.68","$41.41","$41.74","$42.11",4734936547.00977,2725296856.97951
2572,"Litecoin","LTC","2020-05-13","$43.55","$41.95","$42.07","$43.13",4565388581.20666,2791779469.13862
2573,"Litecoin","LTC","2020-05-14","$44.23","$42.48","$43.09","$43.95",5023559797.7458,2844597189.60536
2574,"Litecoin","LTC","2020-05-15","$44.06","$42.47","$43.95","$42.83",4340414828.32034,2772979034.74471
2575,"Litecoin","LTC","2020-05-16","$43.74","$42.58","$42.85","$43.21",3879155974.45045,2797840305.59789
2576,"Litecoin","LTC","2020-05-17","$44.36","$43.10","$43.18","$43.64",3901110454.15078,2825893814.06632
2577,"Litecoin","LTC","2020-05-18","$46.24","$43.59","$43.64","$45.20",4473025830.81033,2927235934.54411
2578,"Litecoin","LTC","2020-05-19","$45.38","$44.34","$45.21","$45.38",3612370257.48515,2939336799.73004
2579,"Litecoin","LTC","2020-05-20","$45.96","$43.72","$45.39","$44.17",3448255431.61755,2861150334.74366
2647,"Litecoin","LTC","2020-07-27","$54.93","$47.52","$47.97","$52.95",3397559596.41403,3448224688.24987
2648,"Litecoin","LTC","2020-07-28","$57.13","$51.90","$53.06","$55.58",3293197775.31239,3619587263.06514
2653,"Litecoin","LTC","2020-08-02","$64.46","$55.80","$61.26","$56.64",3499183525.5598,3691130076.1996
2667,"Litecoin","LTC","2020-08-16","$64.29","$59.33","$59.94","$63.83",3595771595.18455,4165123797.33015
2668,"Litecoin","LTC","2020-08-17","$68.52","$61.88","$63.83","$67.03",3997651593.50445,4374438900.09467
2669,"Litecoin","LTC","2020-08-18","$68.03","$64.28","$67.06","$65.53",3627257059.87757,4276903969.70031
2670,"Litecoin","LTC","2020-08-19","$66.97","$59.57","$65.55","$62.00",3345972244.25499,4047380317.34742
2733,"Litecoin","LTC","2020-10-21","$54.55","$47.06","$47.06","$53.05",3534993795.924433,3485819576.4155307
2734,"Litecoin","LTC","2020-10-22","$56.06","$53.01","$53.02","$54.27",3814584794.1170425,3566118639.217336
2735,"Litecoin","LTC","2020-10-23","$56.67","$53.18","$54.30","$55.24",3519541892.342998,3630921271.9141626
2736,"Litecoin","LTC","2020-10-24","$59.33","$54.81","$55.24","$59.10",3899047276.9470153,3884856116.878049
2737,"Litecoin","LTC","2020-10-25","$59.77","$56.66","$59.10","$58.67",3725652470.166292,3857572662.5518575
2738,"Litecoin","LTC","2020-10-26","$59.10","$55.21","$58.67","$56.75",3701855843.4245367,3731081184.048111
2739,"Litecoin","LTC","2020-10-27","$58.89","$56.51","$56.75","$57.82",3431678161.797128,3801761833.283268
2740,"Litecoin","LTC","2020-10-28","$60.30","$54.71","$57.82","$55.74",3786206312.370093,3665696641.367097
2748,"Litecoin","LTC","2020-11-05","$59.22","$54.50","$54.50","$58.68",3250514598.5033803,3862051531.9886775
2749,"Litecoin","LTC","2020-11-06","$63.28","$58.47","$58.68","$63.13",4083503372.652666,4155585901.868711
2750,"Litecoin","LTC","2020-11-07","$64.40","$57.59","$63.13","$59.14",4320946722.034139,3893544750.751617
2756,"Litecoin","LTC","2020-11-13","$66.02","$60.31","$60.36","$65.46",4324936978.348148,4311996164.090418
2759,"Litecoin","LTC","2020-11-16","$72.00","$62.17","$62.28","$71.33",5089779253.858124,4700142572.365275
2760,"Litecoin","LTC","2020-11-17","$76.43","$71.23","$73.50","$75.85",5781117491.106259,4998932617.319104
2761,"Litecoin","LTC","2020-11-18","$76.45","$69.63","$75.85","$73.69",6120728271.248394,4857299278.1497965
2762,"Litecoin","LTC","2020-11-19","$83.21","$71.80","$73.70","$81.68",6615851204.195962,5384471724.207942
2763,"Litecoin","LTC","2020-11-20","$85.17","$80.27","$81.68","$82.58",6264878329.032952,5444339641.537799
2764,"Litecoin","LTC","2020-11-21","$88.00","$80.65","$82.58","$86.41",6565673514.25266,5696028601.221596
2765,"Litecoin","LTC","2020-11-22","$87.64","$79.65","$86.41","$82.70",6285046851.570592,5452444708.326938
2766,"Litecoin","LTC","2020-11-23","$90.16","$81.19","$82.70","$89.04",7198913664.205929,5870816228.788654
2767,"Litecoin","LTC","2020-11-24","$93.58","$86.83","$89.03","$89.21",7748145324.97465,5882460030.484563
2768,"Litecoin","LTC","2020-11-25","$90.41","$79.86","$89.20","$81.88",6033297330.561163,5400000836.860292
2769,"Litecoin","LTC","2020-11-26","$83.07","$65.23","$81.88","$70.87",8965913475.83206,4674081621.016912
2770,"Litecoin","LTC","2020-11-27","$73.46","$65.95","$70.88","$69.12",5874999214.236177,4559668328.37306
2771,"Litecoin","LTC","2020-11-28","$74.83","$68.55","$69.13","$72.69",4784394517.599638,4795595984.010633
2772,"Litecoin","LTC","2020-11-29","$80.78","$71.73","$72.70","$79.24",5314384737.924187,5227758601.743832
2773,"Litecoin","LTC","2020-11-30","$88.13","$77.07","$79.21","$87.57",6812463306.762854,5778622121.886105
2774,"Litecoin","LTC","2020-12-01","$92.28","$81.31","$87.58","$85.44",9818290618.393703,5638149877.796392
2775,"Litecoin","LTC","2020-12-02","$90.11","$83.40","$85.44","$88.86",7713268209.602632,5864578837.466862
2776,"Litecoin","LTC","2020-12-03","$91.12","$85.81","$88.88","$89.10",6014261403.545915,5881242129.662903
2777,"Litecoin","LTC","2020-12-04","$89.60","$78.77","$89.10","$80.02",5444117736.021349,5282368906.171596
2778,"Litecoin","LTC","2020-12-05","$84.17","$79.15","$80.01","$83.12",4517680975.427282,5487737378.020776
2779,"Litecoin","LTC","2020-12-06","$85.04","$80.60","$83.12","$83.56",3454805956.9420943,5517178550.559272
2780,"Litecoin","LTC","2020-12-07","$86.73","$81.93","$83.55","$83.62",4312326195.624626,5522332007.81458
2781,"Litecoin","LTC","2020-12-08","$84.71","$75.98","$83.62","$76.75",4230876095.352468,5068820612.271369
2782,"Litecoin","LTC","2020-12-09","$78.10","$72.62","$76.74","$77.41",4239672634.344391,5113163503.180934
2784,"Litecoin","LTC","2020-12-11","$74.85","$70.23","$74.83","$72.09",3761860017.26427,4762563166.389913
2786,"Litecoin","LTC","2020-12-13","$83.89","$75.66","$76.71","$82.00",3845040542.8117576,5418690204.454722
2787,"Litecoin","LTC","2020-12-14","$82.87","$79.43","$82.03","$82.36",3459910049.233623,5443275105.024973
2788,"Litecoin","LTC","2020-12-15","$84.71","$80.70","$82.36","$81.40",3727495995.808385,5380245586.557718
2789,"Litecoin","LTC","2020-12-16","$92.85","$79.03","$81.41","$92.79",6152647269.902346,6133693800.38276
2790,"Litecoin","LTC","2020-12-17","$109.23","$91.14","$92.80","$100.96",11165000706.036356,6674511819.257898
2791,"Litecoin","LTC","2020-12-18","$112.25","$99.55","$100.99","$109.38",10096427748.890268,7232216464.2284
2792,"Litecoin","LTC","2020-12-19","$123.76","$105.69","$109.37","$120.56",9859343632.431286,7971885334.896606
2793,"Litecoin","LTC","2020-12-20","$122.74","$110.77","$120.49","$114.67",8652067110.29945,7583089812.363719
2794,"Litecoin","LTC","2020-12-21","$118.02","$101.60","$114.67","$105.01",9903839432.84216,6944917514.764636
2795,"Litecoin","LTC","2020-12-22","$114.03","$98.87","$104.95","$113.68",11221164987.210323,7519474399.461905
2796,"Litecoin","LTC","2020-12-23","$116.89","$96.27","$113.68","$101.82",12287537836.434605,6735539589.926983
2797,"Litecoin","LTC","2020-12-24","$111.93","$99.61","$101.90","$111.57",10108653753.092045,7381279578.637178
2798,"Litecoin","LTC","2020-12-25","$128.03","$108.59","$111.51","$126.98",11678543063.11485,8402415630.927022
2799,"Litecoin","LTC","2020-12-26","$134.74","$125.13","$127.08","$129.46",12680207148.444298,8567168164.995213
2800,"Litecoin","LTC","2020-12-27","$138.32","$123.10","$129.46","$127.52",14103307412.12148,8439551136.234927
2801,"Litecoin","LTC","2020-12-28","$136.19","$127.07","$127.59","$130.05",10248729546.812918,8608138657.318287
2802,"Litecoin","LTC","2020-12-29","$130.61","$121.19","$130.03","$129.04",9160551332.085058,8542261137.109545
2803,"Litecoin","LTC","2020-12-30","$132.45","$123.44","$129.06","$129.47",8127317344.906678,8571310123.738354
