SNo,Name,Symbol,Date,High,Low,Open,Close,Volume,Marketcap
2074,Bitcoin,BTC,2019-01-01 23:59:59,3850.91376479,3707.23130258,3746.71338747,3843.51996727,4324200990.19464,67098634180.6128
2075,Bitcoin,BTC,2019-01-02 23:59:59,3947.9812729,3817.40949569,3849.21640853,3943.40933686,5244856835.70851,68849856731.6738
2076,Bitcoin,BTC,2019-01-03 23:59:59,3935.68513083,3826.22287069,3931.04863841,3836.74131867,4530215218.84018,66994920902.7202
2077,Bitcoin,BTC,2019-01-04 23:59:59,3865.93453193,3783.8536653,3832.03996811,3857.71761887,4847965467.09122,67368333500.343
2078,Bitcoin,BTC,2019-01-05 23:59:59,3904.90309592,3836.90012599,3851.97396457,3845.19446017,5137609823.75761,67157570935.0686
2079,Bitcoin,BTC,2019-01-06 23:59:59,4093.29744447,3826.51306238,3836.51915828,4076.63268458,5597027439.59745,71206795852.7853
2080,Bitcoin,BTC,2019-01-07 23:59:59,4092.61343706,4020.89395079,4078.58505461,4025.24828708,5228625637.09382,70316305580.3226
2081,Bitcoin,BTC,2019-01-08 23:59:59,4109.02106516,3996.95525626,4028.47207166,4030.84799935,5306593305.06723,70422743854.2439
2082,Bitcoin,BTC,2019-01-09 23:59:59,4068.40358144,4022.66280883,4031.55201569,4035.29636921,5115905224.62691,70508733459.2063
2083,Bitcoin,BTC,2019-01-10 23:59:59,4064.06655088,3659.17453883,4034.41144545,3678.92468128,6874143795.71863,64288932886.0169
2084,Bitcoin,BTC,2019-01-11 23:59:59,3713.88184691,3653.06980474,3674.01543102,3687.3654818,5538712864.65637,64443301116.571
2085,Bitcoin,BTC,2019-01-12 23:59:59,3698.9783488,3653.81085703,3686.97309735,3661.30098975,4778170882.56059,63994140881.8701
2086,Bitcoin,BTC,2019-01-13 23:59:59,3674.75998688,3544.92722821,3658.86811698,3552.95306759,4681302465.81578,62106461671.3502
2087,Bitcoin,BTC,2019-01-14 23:59:59,3727.83629128,3552.28515158,3557.31113168,3706.05222041,5651384489.83351,64789619995.0563
2088,Bitcoin,BTC,2019-01-15 23:59:59,3720.15341533,3619.94912664,3704.21630768,3630.67522467,5537192301.96239,63477817959.3241
2089,Bitcoin,BTC,2019-01-16 23:59:59,3685.77705953,3624.67338834,3631.5098712,3655.00688578,5394457144.65099,63909348775.7898
2090,Bitcoin,BTC,2019-01-17 23:59:59,3680.13601133,3621.96099215,3651.87098588,3678.56397636,5464420383.38187,64327048254.6073
2091,Bitcoin,BTC,2019-01-18 23:59:59,3682.52000204,3637.08086521,3677.99058389,3657.83943502,5002961726.8303,63970991867.2934
2092,Bitcoin,BTC,2019-01-19 23:59:59,3758.53352345,3652.37783507,3652.37783507,3728.56836493,5955691379.94133,65214103658.5829
2093,Bitcoin,BTC,2019-01-20 23:59:59,3743.38797121,3583.01948596,3725.44612463,3601.0135915,5582489559.53197,62990143284.0983
2094,Bitcoin,BTC,2019-01-21 23:59:59,3608.84084892,3558.53714829,3600.37273885,3576.03243928,5004347059.44597,62559869611.6414
2095,Bitcoin,BTC,2019-01-22 23:59:59,3620.74655094,3539.72132372,3575.08123989,3604.57705248,5313623556.00702,63065139423.6322
2096,Bitcoin,BTC,2019-01-23 23:59:59,3623.06775216,3565.31403323,3605.55702187,3585.12306636,5433755648.65326,62731361271.6475
2097,Bitcoin,BTC,2019-01-24 23:59:59,3616.08741447,3569.09284671,3584.5003014,3600.86550122,5262869046.43655,63014066011.6996
2098,Bitcoin,BTC,2019-01-25 23:59:59,3612.92766233,3575.59733314,3607.3903841,3599.7658879,5265847538.53257,63000985907.6837
2099,Bitcoin,BTC,2019-01-26 23:59:59,3654.93319305,3593.34583728,3599.7153629,3602.46043861,5098183234.66414,63054898963.1367
2100,Bitcoin,BTC,2019-01-27 23:59:59,3612.67142766,3567.24575778,3604.68726747,3583.96576317,5570752966.31456,62737274092.7359
2101,Bitcoin,BTC,2019-01-28 23:59:59,3586.75087826,3439.23300929,3584.28327917,3470.45054223,6908930483.46637,60756570313.9757
2102,Bitcoin,BTC,2019-01-29 23:59:59,3476.06536415,3400.81972619,3468.87015541,3448.11702209,5897159492.96958,60371874098.8161
2103,Bitcoin,BTC,2019-01-30 23:59:59,3495.1748876,3429.38794807,3443.89706175,3486.18175093,5955112626.75721,61044262622.3971
2104,Bitcoin,BTC,2019-01-31 23:59:59,3504.80488538,3447.91581548,3485.40928952,3457.79274724,5831198270.86504,60553903927.4911
2105,Bitcoin,BTC,2019-02-01 23:59:59,3501.95413455,3431.59149165,3460.54712403,3487.94538683,5422926707.35329,61088747491.2873
2106,Bitcoin,BTC,2019-02-02 23:59:59,3523.28733174,3467.57468262,3484.62588008,3521.06078726,5071623600.96582,61675119055.415
2107,Bitcoin,BTC,2019-02-03 23:59:59,3521.38822007,3447.92431416,3516.13956776,3464.01332586,5043937583.94819,60681847607.5771
2108,Bitcoin,BTC,2019-02-04 23:59:59,3476.22377768,3442.5869204,3467.2116661,3459.15414635,5332718886.30653,60603083461.2471
2109,Bitcoin,BTC,2019-02-05 23:59:59,3478.14811641,3451.93695191,3454.9508136,3466.35743916,5227549544.8948,60735563489.7233
2110,Bitcoin,BTC,2019-02-06 23:59:59,3469.09170088,3398.56538208,3469.09170088,3413.7677183,5482196037.61486,59821158611.6301
2111,Bitcoin,BTC,2019-02-07 23:59:59,3427.94560955,3394.21860755,3414.92953864,3399.47164359,5004962682.80801,59578075990.9339
2112,Bitcoin,BTC,2019-02-08 23:59:59,3695.61397521,3391.02375248,3401.37643333,3666.78035061,7735623101.05035,64270269952.7511
2113,Bitcoin,BTC,2019-02-09 23:59:59,3679.94151048,3646.55933455,3671.58595682,3671.20370545,6158833644.65178,64354732475.0563
2114,Bitcoin,BTC,2019-02-10 23:59:59,3695.03601276,3640.97995463,3673.20153682,3690.18824383,6282256902.9225,64694025950.728
2115,Bitcoin,BTC,2019-02-11 23:59:59,3695.61303928,3642.28773261,3695.61303928,3648.43062774,6277056433.57185,63968390249.9939
2116,Bitcoin,BTC,2019-02-12 23:59:59,3668.58683348,3618.55692543,3642.75185939,3653.52864497,6480384531.73272,64063755249.7315
2117,Bitcoin,BTC,2019-02-13 23:59:59,3669.74651062,3617.2464285,3653.60399078,3632.07060268,6438903822.53137,63694394519.3354
2118,Bitcoin,BTC,2019-02-14 23:59:59,3646.25659694,3607.69780014,3631.17019256,3616.88097021,6271044417.92334,63434486051.9796
2119,Bitcoin,BTC,2019-02-15 23:59:59,3647.7950639,3608.20643294,3617.36836687,3620.81075285,6091952230.58605,63509111125.2578
2120,Bitcoin,BTC,2019-02-16 23:59:59,3652.84126709,3615.27026725,3615.27026725,3629.78749138,5934744051.69985,63673369195.0388
2121,Bitcoin,BTC,2019-02-17 23:59:59,3680.53728847,3619.18213016,3633.35947964,3673.83629289,7039512502.6247,64453368778.9611
2122,Bitcoin,BTC,2019-02-18 23:59:59,3936.66500089,3669.98232379,3671.36998898,3915.71447331,9908216640.36486,68704389994.3763
2123,Bitcoin,BTC,2019-02-19 23:59:59,4010.87942178,3908.15296756,3911.66152075,3947.09440657,9933626654.81582,69262673238.0216
2124,Bitcoin,BTC,2019-02-20 23:59:59,4000.48629461,3926.24692473,3946.68498546,3999.82050882,8693373948.00982,70194350041.973
2125,Bitcoin,BTC,2019-02-21 23:59:59,4010.009483,3940.10818712,4000.25678662,3954.1182433,7775128102.44287,69398333876.334
2126,Bitcoin,BTC,2019-02-22 23:59:59,4006.53838667,3950.81642747,3952.4063737,4005.52660406,7826525254.37879,70308555856.5589
2127,Bitcoin,BTC,2019-02-23 23:59:59,4166.28616128,3968.72669838,3998.91627262,4142.52692999,8922258315.77183,72720867208.2186
2128,Bitcoin,BTC,2019-02-24 23:59:59,4210.64175454,3793.70900544,4145.45786231,3810.42743065,10794227451.2229,66897483404.1494
2129,Bitcoin,BTC,2019-02-25 23:59:59,3913.70726513,3807.00244566,3807.00244566,3882.69629339,9318796066.6747,68173204650.9558
2130,Bitcoin,BTC,2019-02-26 23:59:59,3891.57896247,3837.98643789,3878.6973183,3854.35793575,7931218996.38403,67683296223.3571
2131,Bitcoin,BTC,2019-02-27 23:59:59,3888.80258758,3787.05877702,3857.47978186,3851.04747978,8301309684.13533,67631949500.0921
2132,Bitcoin,BTC,2019-02-28 23:59:59,3906.0584282,3845.82138085,3848.2620255,3854.78528208,8399767798.45704,67704774107.0288
2133,Bitcoin,BTC,2019-03-01 23:59:59,3907.79548566,3851.69234979,3853.75713203,3859.58375221,7661247975.11185,67796965743.3518
2134,Bitcoin,BTC,2019-03-02 23:59:59,3874.60748448,3832.12797211,3855.31822217,3864.41510673,7578786075.61039,67888255370.8382
2135,Bitcoin,BTC,2019-03-03 23:59:59,3875.48371414,3836.90573367,3862.26616642,3847.17569934,7253558152.32178,67592376373.1992
2136,Bitcoin,BTC,2019-03-04 23:59:59,3867.38181147,3733.74966077,3845.09155774,3761.55701842,9029175787.94408,66094551587.193
2137,Bitcoin,BTC,2019-03-05 23:59:59,3903.91675352,3745.18318172,3759.83244114,3896.37502308,10174126414.5332,68470655399.5828
2138,Bitcoin,BTC,2019-03-06 23:59:59,3919.51051824,3871.46059394,3897.08106256,3903.9425832,9175291528.51699,68609885775.7594
2139,Bitcoin,BTC,2019-03-07 23:59:59,3939.37339556,3894.11295638,3903.3847998,3911.4842891,9584165518.67529,68749421310.5083
2140,Bitcoin,BTC,2019-03-08 23:59:59,3950.43223806,3875.22842393,3913.22593587,3901.13162355,10638638944.001,68574579320.2148
2141,Bitcoin,BTC,2019-03-09 23:59:59,3987.23778458,3892.39046739,3894.55252613,3963.31374243,10796103518.2198,69674508654.6229
2142,Bitcoin,BTC,2019-03-10 23:59:59,3966.1742332,3924.38105934,3966.1742332,3951.59982769,9713267606.58481,69475297369.7211
2143,Bitcoin,BTC,2019-03-11 23:59:59,3966.38473672,3889.23913266,3953.74017402,3905.22731979,10125901902.7266,68666928025.4743
2144,Bitcoin,BTC,2019-03-12 23:59:59,3926.88908293,3863.55909997,3903.75829416,3909.15620907,9809887079.43689,68743000581.0221
2145,Bitcoin,BTC,2019-03-13 23:59:59,3926.59772853,3891.90419153,3913.047443,3906.71716859,9469184841.22373,68706700381.1646
2146,Bitcoin,BTC,2019-03-14 23:59:59,3946.50428698,3901.2968769,3905.57699911,3924.369118,10480789569.5861,69024696307.424
2147,Bitcoin,BTC,2019-03-15 23:59:59,3968.54286634,3914.01535654,3926.66323109,3960.91118728,9394210604.85752,69675002376.5269
2148,Bitcoin,BTC,2019-03-16 23:59:59,4077.03628216,3961.6575267,3963.90011952,4048.72590374,9856166973.20956,71227967573.2899
2149,Bitcoin,BTC,2019-03-17 23:59:59,4054.12201368,4006.41114819,4047.71957111,4025.22897966,8221625399.65813,70821939585.3756
2150,Bitcoin,BTC,2019-03-18 23:59:59,4071.55673145,4009.11722623,4029.96845808,4032.50738522,9646954186.20681,70958165406.797
2151,Bitcoin,BTC,2019-03-19 23:59:59,4082.21601126,4023.81254521,4032.69200717,4071.19020004,9344919956.26907,71647703827.7263
2152,Bitcoin,BTC,2019-03-20 23:59:59,4089.46189246,4031.11074047,4070.7940175,4087.47629856,10175916388.2762,71942444088.065
2153,Bitcoin,BTC,2019-03-21 23:59:59,4097.35995254,4005.15127452,4083.95389256,4029.32690706,10831212661.6887,70926226881.5237
2154,Bitcoin,BTC,2019-03-22 23:59:59,4053.90667736,4021.54243412,4028.51456305,4023.96816173,9252935969.11583,70840048102.3798
2155,Bitcoin,BTC,2019-03-23 23:59:59,4049.88248617,4015.96469723,4022.71330744,4035.82635079,9578850549.20952,71056017909.8302
2156,Bitcoin,BTC,2019-03-24 23:59:59,4040.69962534,4006.19284731,4035.16354472,4022.1682822,9144851064.99816,70823042992.427
2157,Bitcoin,BTC,2019-03-25 23:59:59,4038.84089385,3934.03136241,4024.11267975,3963.07065416,10359818882.7206,69789872373.2903
2158,Bitcoin,BTC,2019-03-26 23:59:59,3985.08080287,3944.75317214,3969.22885592,3985.08080287,10707678814.874,70184147202.9256
2159,Bitcoin,BTC,2019-03-27 23:59:59,4087.06622992,3977.81046621,3984.24481868,4087.06622992,10897131934.1801,71987847570.6632
2160,Bitcoin,BTC,2019-03-28 23:59:59,4094.90217427,4040.26644055,4087.584591,4069.10714977,9353915899.01829,71678998915.3443
2161,Bitcoin,BTC,2019-03-29 23:59:59,4113.50083216,4034.09716136,4068.29989093,4098.37454059,10918665556.7509,72202088875.2092
2162,Bitcoin,BTC,2019-03-30 23:59:59,4296.8066502,4053.90965067,4092.13616358,4106.66008466,9732688060.4259,72355190645.0434
2163,Bitcoin,BTC,2019-03-31 23:59:59,4113.02361297,4094.10084931,4105.45617673,4105.40429618,9045122442.86547,72339379035.9471
2164,Bitcoin,BTC,2019-04-01 23:59:59,4164.95332383,4096.90125463,4105.36242087,4158.18307045,10157794170.601,73269368747.441
2165,Bitcoin,BTC,2019-04-02 23:59:59,4905.95443266,4155.31667828,4156.91964324,4879.87782845,21315047816.2034,85986009273.1489
2166,Bitcoin,BTC,2019-04-03 23:59:59,5307.00360895,4876.62131112,4879.95813337,4973.02181522,22899891582.3906,87655288144.6018
2167,Bitcoin,BTC,2019-04-04 23:59:59,5063.1597258,4836.79382246,4971.30774104,4922.79878778,18251810239.6095,86778727821.0768
2168,Bitcoin,BTC,2019-04-05 23:59:59,5053.50997402,4919.49163361,4922.80611783,5036.68110011,16837325387.2428,88796118649.975
2169,Bitcoin,BTC,2019-04-06 23:59:59,5205.82193076,4992.22200103,5036.79302365,5059.81718799,16929795193.6879,89212733449.5707
2170,Bitcoin,BTC,2019-04-07 23:59:59,5235.1864351,5050.41230153,5062.79376134,5198.89699014,16655416140.2699,91674230185.9347
2171,Bitcoin,BTC,2019-04-08 23:59:59,5318.83648777,5148.21181354,5199.83537777,5289.77104039,17154113634.3214,93286365973.0142
2172,Bitcoin,BTC,2019-04-09 23:59:59,5289.91798137,5167.41905834,5289.91798137,5204.95837847,14722104361.4039,91799330425.2375
2173,Bitcoin,BTC,2019-04-10 23:59:59,5421.65146794,5193.38250879,5204.10530845,5324.5518687,15504590933.2653,93918439274.0321
2174,Bitcoin,BTC,2019-04-11 23:59:59,5354.22546556,5017.29640976,5325.08155529,5064.48767243,16555616019.1146,89341168456.888
2175,Bitcoin,BTC,2019-04-12 23:59:59,5103.27440858,4955.85259984,5061.20088735,5089.53891201,13675206312.4982,89792633045.0218
2176,Bitcoin,BTC,2019-04-13 23:59:59,5127.12209428,5061.58936959,5088.84997329,5096.58656276,10823289598.3117,89925574874.6422
2177,Bitcoin,BTC,2019-04-14 23:59:59,5184.01606396,5053.56858614,5095.75863359,5167.72236684,10391952498.0296,91188595340.7853
2178,Bitcoin,BTC,2019-04-15 23:59:59,5196.60679923,5024.06937381,5167.32198286,5067.10847228,12290155060.9227,89422237602.9984
2179,Bitcoin,BTC,2019-04-16 23:59:59,5238.9452381,5055.19496077,5066.57760057,5235.55941893,11618660197.331,92404613297.4486
2180,Bitcoin,BTC,2019-04-17 23:59:59,5274.27555335,5219.20559934,5236.13523984,5251.93818854,12438480676.6085,92702617458.1931
2181,Bitcoin,BTC,2019-04-18 23:59:59,5319.98611387,5250.50665911,5251.48069196,5298.38569881,13256489918.0909,93532402741.0929
2182,Bitcoin,BTC,2019-04-19 23:59:59,5336.68000293,5233.33520521,5298.15452927,5303.81261613,13780238655.1805,93638345002.2649
2183,Bitcoin,BTC,2019-04-20 23:59:59,5358.49049306,5295.87771212,5304.1605399,5337.8861323,13169647522.1762,94248717443.8952
2184,Bitcoin,BTC,2019-04-21 23:59:59,5359.92503038,5257.33953186,5335.87896599,5314.5314532,13731844222.8199,93847052256.1912
2185,Bitcoin,BTC,2019-04-22 23:59:59,5422.68742206,5280.27672867,5312.49464201,5399.36541009,14601631647.9961,95354207775.9268
2186,Bitcoin,BTC,2019-04-23 23:59:59,5633.80205461,5389.40888788,5399.36570489,5572.36206051,15867308107.9804,98417387004.1095
2187,Bitcoin,BTC,2019-04-24 23:59:59,5642.04459312,5418.26332858,5571.50817669,5464.86664182,17048033399.0899,96530038144.448
2188,Bitcoin,BTC,2019-04-25 23:59:59,5542.23830474,5181.33901806,5466.52427676,5210.51555862,15330283408.0494,92046492863.6906
2189,Bitcoin,BTC,2019-04-26 23:59:59,5383.63441532,5177.36851375,5210.30491981,5279.34821147,16812108039.6273,93272287959.7983
2190,Bitcoin,BTC,2019-04-27 23:59:59,5310.75014488,5233.63572083,5279.47114181,5268.29106346,13111274675.1063,93086156556.1504
2191,Bitcoin,BTC,2019-04-28 23:59:59,5326.23201477,5255.68374555,5271.74639378,5285.13900822,12819992055.6275,93391244394.8948
2192,Bitcoin,BTC,2019-04-29 23:59:59,5311.27468235,5216.48796096,5284.85852173,5247.35253746,13735490672.3168,92737510865.0381
2193,Bitcoin,BTC,2019-04-30 23:59:59,5363.25752308,5224.18984511,5247.72588172,5350.72669668,13878964573.7961,94573826827.4842
2194,Bitcoin,BTC,2019-05-01 23:59:59,5418.004045,5347.6461061,5350.91450555,5402.69709069,13679528236.4505,95501110090.8014
2195,Bitcoin,BTC,2019-05-02 23:59:59,5522.26255673,5394.21751696,5402.42286531,5505.28367176,14644460907.0129,97330112146.5137
2196,Bitcoin,BTC,2019-05-03 23:59:59,5865.88207851,5490.2018629,5505.55237976,5768.28940693,18720780005.7302,101986240859.226
2197,Bitcoin,BTC,2019-05-04 23:59:59,5886.8934994,5645.46932165,5769.20253322,5831.16747167,17567780765.6085,103112021258.803
2198,Bitcoin,BTC,2019-05-05 23:59:59,5833.86291815,5708.03512399,5831.06846097,5795.70842926,14808830722.9304,102494420158.46
2199,Bitcoin,BTC,2019-05-06 23:59:59,5802.95753492,5653.68761092,5791.69326658,5746.80700343,15737171804.1755,101640471055.639
2200,Bitcoin,BTC,2019-05-07 23:59:59,5988.17834158,5741.39591074,5745.59904909,5829.50151628,18026409032.5876,103112368557.499
2201,Bitcoin,BTC,2019-05-08 23:59:59,5989.98114696,5794.71564865,5849.48135039,5982.45732286,15320605299.5998,105829143585.149
2202,Bitcoin,BTC,2019-05-09 23:59:59,6183.03929388,5982.31627033,5982.31627033,6174.52868876,16784645410.7955,109238600750.148
2203,Bitcoin,BTC,2019-05-10 23:59:59,6434.61766164,6161.51907243,6175.82273778,6378.8489737,19419875367.6122,112863284035.003
2204,Bitcoin,BTC,2019-05-11 23:59:59,7333.00312262,6375.69861161,6379.66690526,7204.77169716,28867562329.2995,127488435181.246
2205,Bitcoin,BTC,2019-05-12 23:59:59,7503.87183327,6815.77092608,7203.50752166,6972.37152291,27773333679.6781,123389710222.362
2206,Bitcoin,BTC,2019-05-13 23:59:59,8047.41300187,6898.2824267,6971.17820581,7814.91513992,28677672181.4518,138316573807.201
2207,Bitcoin,BTC,2019-05-14 23:59:59,8268.71267944,7696.39104325,7807.88444936,7994.41615632,32031452226.8167,141508656734.802
2208,Bitcoin,BTC,2019-05-15 23:59:59,8216.42381116,7899.10688404,7989.37450547,8205.16749484,28344112919.5707,145254332460.476
2209,Bitcoin,BTC,2019-05-16 23:59:59,8320.82435452,7729.60838515,8194.50090343,7884.90929094,33167197581.0209,139599559277.841
2210,Bitcoin,BTC,2019-05-17 23:59:59,7929.14555093,7038.12453946,7886.92599261,7343.89571659,30066644905.1297,130034777632.549
2211,Bitcoin,BTC,2019-05-18 23:59:59,7447.2717408,7251.50451112,7341.66441915,7271.20790408,21354286561.9857,128761727083.303
2212,Bitcoin,BTC,2019-05-19 23:59:59,8261.94116696,7267.96301884,7267.96301884,8197.68969114,25902422039.648,145185076704.969
2213,Bitcoin,BTC,2019-05-20 23:59:59,8200.96799673,7678.78158711,8196.92393539,7978.30907244,23843404339.5117,141315695727.576
2214,Bitcoin,BTC,2019-05-21 23:59:59,8062.16804044,7843.33978307,7977.96936984,7963.32777911,25127245056.398,141065573610.266
2215,Bitcoin,BTC,2019-05-22 23:59:59,7997.61243859,7615.98748467,7956.29214912,7680.06654589,24719473174.9693,136063898960.26
2216,Bitcoin,BTC,2019-05-23 23:59:59,7943.79138993,7533.196693,7677.26883391,7881.84672105,24457107820.1032,139654107034.588
2217,Bitcoin,BTC,2019-05-24 23:59:59,8140.71991773,7824.44888684,7881.6953208,7987.37156583,25919126990.993,141539115575.014
2218,Bitcoin,BTC,2019-05-25 23:59:59,8117.92594496,7965.97621163,7991.88503911,8052.54385907,22256813106.5725,142708188838.421
2219,Bitcoin,BTC,2019-05-26 23:59:59,8687.52079924,7924.67019111,8055.20591925,8673.21603511,26677970091.4978,153725486067.287
2220,Bitcoin,BTC,2019-05-27 23:59:59,8907.17444077,8668.70492015,8674.07240318,8805.7783766,27949839563.9382,156093754762.006
2221,Bitcoin,BTC,2019-05-28 23:59:59,8807.01613958,8634.72130428,8802.75819975,8719.9617362,24226919266.6635,154590202287.415
2222,Bitcoin,BTC,2019-05-29 23:59:59,8755.85207898,8482.72893785,8718.59132866,8659.48775584,23473479966.1112,153537047654.921
2223,Bitcoin,BTC,2019-05-30 23:59:59,9008.31456846,8221.27336604,8661.76050606,8319.47222898,29246528551.201,147525141134.055
2224,Bitcoin,BTC,2019-05-31 23:59:59,8586.65937818,8172.55084356,8320.28637611,8574.50164907,25365190957.3896,152059886413.545
2225,Bitcoin,BTC,2019-06-01 23:59:59,8625.60025901,8481.57822194,8573.83972489,8564.01647182,22488303543.9471,151890214309.926
2226,Bitcoin,BTC,2019-06-02 23:59:59,8809.30399136,8561.23513935,8565.47326214,8742.95810038,20266216022.1639,155077231351.225
2227,Bitcoin,BTC,2019-06-03 23:59:59,8743.50012386,8204.18581516,8741.74721596,8208.99482964,22004511436.0117,145619047341.18
2228,Bitcoin,BTC,2019-06-04 23:59:59,8210.98582388,7564.48860353,8210.98582388,7707.77077085,24609731548.7902,136742790468.573
2229,Bitcoin,BTC,2019-06-05 23:59:59,7901.8489052,7668.6687003,7704.34318039,7824.23153913,21760923463.0297,138824651666.408
2230,Bitcoin,BTC,2019-06-06 23:59:59,7937.34087946,7571.47097209,7819.63337781,7822.02338228,19474611077.3689,138800725479.332
2231,Bitcoin,BTC,2019-06-07 23:59:59,8126.15348327,7788.3733918,7826.90126518,8043.95135807,19141423230.7911,142754693587.597
2232,Bitcoin,BTC,2019-06-08 23:59:59,8076.89110147,7837.61096128,8036.774936,7954.12772355,16522722809.9052,141172841635.462
2233,Bitcoin,BTC,2019-06-09 23:59:59,7975.97432619,7583.21971271,7949.67470562,7688.07711075,16610726547.0477,136465098533.162
2234,Bitcoin,BTC,2019-06-10 23:59:59,8031.90989621,7586.73084679,7692.28467885,8000.32982299,18689275117.4736,142023351079.395
2235,Bitcoin,BTC,2019-06-11 23:59:59,8026.3942184,7772.80393035,8004.24354228,7927.71435114,17107279931.9857,140748537529.853
2236,Bitcoin,BTC,2019-06-12 23:59:59,8196.64825685,7862.3597896,7925.43410401,8145.85747373,19034432883.3832,144634684710.85
2237,Bitcoin,BTC,2019-06-13 23:59:59,8311.56742951,8087.06116595,8145.54523047,8230.92383068,18669407147.4338,146160317148.195
2238,Bitcoin,BTC,2019-06-14 23:59:59,8710.63642127,8183.39293312,8230.89877378,8693.83281543,19831162905.969,154398880249.084
2239,Bitcoin,BTC,2019-06-15 23:59:59,8859.12746691,8618.39596373,8689.74641372,8838.37523367,18371033226.454,156982138834.687
2240,Bitcoin,BTC,2019-06-16 23:59:59,9335.86694232,8814.55645906,8841.44078361,8994.48801293,23348550310.9672,159769423369.732
2241,Bitcoin,BTC,2019-06-17 23:59:59,9416.40744016,8988.92370914,8988.92370914,9320.35218253,15562951918.8338,165573372261.217
2242,Bitcoin,BTC,2019-06-18 23:59:59,9348.37442796,9004.90174624,9335.46690152,9081.76285149,15848210535.5012,161353637185.781
2243,Bitcoin,BTC,2019-06-19 23:59:59,9299.62104446,9070.39599386,9078.72760253,9273.52176614,15546809946.0294,164780855868.715
2244,Bitcoin,BTC,2019-06-20 23:59:59,9594.42027595,9232.48426293,9273.06078283,9527.16035008,17846823783.9018,169304784791.184
2245,Bitcoin,BTC,2019-06-21 23:59:59,10144.5567168,9525.07460809,9525.07460809,10144.5567168,20624008643.439,180293241528.337
2246,Bitcoin,BTC,2019-06-22 23:59:59,11157.3455164,10107.0352041,10175.9239561,10701.691013,29995204860.6379,190214124823.557
2247,Bitcoin,BTC,2019-06-23 23:59:59,11246.1441834,10556.095932,10696.6909289,10855.3710156,20998326501.9612,192970090354.715
2248,Bitcoin,BTC,2019-06-24 23:59:59,11065.8960178,10610.4280819,10853.7438384,11011.1024485,19271652364.8505,195762668679.254
2249,Bitcoin,BTC,2019-06-25 23:59:59,11790.916533,11007.2020736,11007.2020736,11790.916533,24879684533.0455,209647943360.178
2250,Bitcoin,BTC,2019-06-26 23:59:59,13796.4890807,11755.597775,11778.5811328,13016.2317442,45105733173.1893,231462117208.617
2251,Bitcoin,BTC,2019-06-27 23:59:59,13311.1443049,10491.8523044,13017.1248668,11182.8062855,39977475222.6314,198878940963.532
2252,Bitcoin,BTC,2019-06-28 23:59:59,12445.1752203,10914.4948615,11162.1678255,12407.331998,35087757765.864,220681459665.927
2253,Bitcoin,BTC,2019-06-29 23:59:59,12400.910221,11508.3784271,12400.7636934,11959.3709764,29923961127.7756,212739713110.418
2254,Bitcoin,BTC,2019-06-30 23:59:59,12178.3833598,10799.0085788,11931.990728,10817.1555981,27256473494.4706,192442065810.218
2255,Bitcoin,BTC,2019-07-01 23:59:59,11206.4398606,10089.3143739,10796.9306183,10583.1345195,29378589324.4453,188297637573.825
2256,Bitcoin,BTC,2019-07-02 23:59:59,10912.1886159,9737.88454398,10588.6836947,10801.6779238,31015895222.9625,192206536805.973
2257,Bitcoin,BTC,2019-07-03 23:59:59,11968.0776971,10818.1558221,10818.1558221,11961.2693412,30796494293.7676,212867079175.497
2258,Bitcoin,BTC,2019-07-04 23:59:59,12006.0753559,11166.5688601,11972.7185797,11215.4375483,25920294033.3402,199617404431.54
2259,Bitcoin,BTC,2019-07-05 23:59:59,11395.6613596,10874.9649233,11203.1024876,10978.4599518,23838480210.0513,195424678267.024
2260,Bitcoin,BTC,2019-07-06 23:59:59,11620.9651525,10982.5439142,10982.5439142,11208.5508454,21092024306.2619,199546110914.427
2261,Bitcoin,BTC,2019-07-07 23:59:59,11541.6198726,11148.8048129,11217.6159338,11450.8467553,19369044276.9011,203881891345.94
2262,Bitcoin,BTC,2019-07-08 23:59:59,12345.8331464,11393.3743129,11446.5971553,12285.958217,23482551458.3087,218778355444.306
2263,Bitcoin,BTC,2019-07-09 23:59:59,12779.1320971,12233.2620314,12284.3264649,12573.8129407,28167921522.6206,223928128582.652
2264,Bitcoin,BTC,2019-07-10 23:59:59,13129.5289339,11710.9784147,12571.5371616,12156.5126313,33627574244.0567,216515999522.295
2265,Bitcoin,BTC,2019-07-11 23:59:59,12144.6227945,11158.9228142,12139.7138379,11358.661752,28595327690.1018,202324174691.693
2266,Bitcoin,BTC,2019-07-12 23:59:59,11905.4870064,11179.1448437,11354.299624,11815.9866867,23534692796.6076,210494417831.881
2267,Bitcoin,BTC,2019-07-13 23:59:59,11841.9572004,10908.4793185,11813.1273165,11392.3793357,21042616383.5567,202968191000.8
2268,Bitcoin,BTC,2019-07-14 23:59:59,11451.2037673,10234.5764143,11381.0208987,10256.0582756,22486000001.3479,182741933551.727
2269,Bitcoin,BTC,2019-07-15 23:59:59,11052.7667966,9992.00724951,10257.8385363,10895.0893874,25384047206.6059,194147627474.959
2270,Bitcoin,BTC,2019-07-16 23:59:59,10996.6332798,9448.1067483,10896.6533265,9477.64204235,24151199069.746,168908640950.353
2271,Bitcoin,BTC,2019-07-17 23:59:59,9963.13442838,9163.13464449,9471.21400074,9693.80272448,24569921548.6747,172777250514.701
2272,Bitcoin,BTC,2019-07-18 23:59:59,10736.8430131,9376.79846015,9698.50274016,10666.4828491,25187024648.1732,190129918120.93
2273,Bitcoin,BTC,2019-07-19 23:59:59,10716.9806727,10229.6289244,10653.956443,10530.7326264,20727426309.5903,187725578627.888
2274,Bitcoin,BTC,2019-07-20 23:59:59,11048.6623461,10451.2760142,10525.819,10767.1395226,20206615154.6533,191963691255.277
2275,Bitcoin,BTC,2019-07-21 23:59:59,10841.8877848,10389.5998035,10777.5296892,10599.1053965,17130580467.0391,188987475961.558
2276,Bitcoin,BTC,2019-07-22 23:59:59,10651.7912019,10154.9215831,10596.9480747,10343.1061684,16334414913.1969,184443440747.993
2277,Bitcoin,BTC,2019-07-23 23:59:59,10346.7477047,9883.59513007,10346.7477047,9900.76801058,17851916994.61,176572890701.902
2278,Bitcoin,BTC,2019-07-24 23:59:59,9908.7972369,9614.30658327,9887.73084418,9811.92618837,17398734321.6307,175005760793.922
2279,Bitcoin,BTC,2019-07-25 23:59:59,10154.2540296,9773.95670972,9809.09690775,9911.84226491,15821952090.4731,176806451137.238
2280,Bitcoin,BTC,2019-07-26 23:59:59,9916.51772964,9717.9822414,9913.12718948,9870.30353766,14495714483.2295,176085968354.266
2281,Bitcoin,BTC,2019-07-27 23:59:59,10167.3205575,9411.52180812,9871.16499086,9477.67767811,16817809536.373,169099540423.129
2282,Bitcoin,BTC,2019-07-28 23:59:59,9575.54534858,9252.2968633,9491.62688749,9552.86043541,13738687092.7752,170461958073.989
2283,Bitcoin,BTC,2019-07-29 23:59:59,9681.64800826,9472.94833737,9548.17889422,9519.14591371,13791445323.2415,169880343826.604
2284,Bitcoin,BTC,2019-07-30 23:59:59,9701.7593939,9437.3362874,9522.32895542,9607.42368665,13829811132.0847,171472452506.045
2285,Bitcoin,BTC,2019-07-31 23:59:59,10085.6277491,9598.09768275,9604.05115871,10085.6277491,16631520647.7532,180028959602.822
2286,Bitcoin,BTC,2019-08-01 23:59:59,10446.9203303,9922.01981608,10077.442592,10399.6694229,17165337857.81,185653203391.495
2287,Bitcoin,BTC,2019-08-02 23:59:59,10657.95271,10371.0139875,10402.0434274,10518.1746772,17489094081.7003,187791090996.091
2288,Bitcoin,BTC,2019-08-03 23:59:59,10946.7813264,10503.5043975,10519.278349,10821.7265103,15352685060.58,193233960601.286
2289,Bitcoin,BTC,2019-08-04 23:59:59,11009.2069143,10620.2782517,10821.6329392,10970.1842157,16530894786.8053,195907875403.024
2290,Bitcoin,BTC,2019-08-05 23:59:59,11895.0919275,10960.7357349,10960.7357349,11805.6537253,23875988832.3366,210848822060.36
2291,Bitcoin,BTC,2019-08-06 23:59:59,12273.8213783,11290.7316542,11811.5450274,11478.1693461,23635107659.8143,205023347814.272
2292,Bitcoin,BTC,2019-08-07 23:59:59,12036.9898905,11433.701205,11476.1934394,11941.9683406,22194988641.2161,213330426788.853
2293,Bitcoin,BTC,2019-08-08 23:59:59,11979.4201746,11556.1684508,11954.0403364,11966.407405,19481591729.5165,213788089212.212
2294,Bitcoin,BTC,2019-08-09 23:59:59,11970.4577149,11709.7453788,11953.4695395,11862.93676,18339989959.5105,211961319132.719
2295,Bitcoin,BTC,2019-08-10 23:59:59,11915.6552603,11323.8987573,11861.5566954,11354.0242177,18125355447.0493,202890020454.664
2296,Bitcoin,BTC,2019-08-11 23:59:59,11523.5793784,11248.2948234,11349.7398943,11523.5793784,15774371517.9934,205941632234.684
2297,Bitcoin,BTC,2019-08-12 23:59:59,11528.1893667,11320.9515001,11528.1893667,11382.6159562,13647198229.0109,203441494985.163
2298,Bitcoin,BTC,2019-08-13 23:59:59,11420.0498609,10830.3269144,11385.0524972,10895.8304358,16681503536.9668,194762696644.164
2299,Bitcoin,BTC,2019-08-14 23:59:59,10889.5569207,10028.1353635,10889.4877427,10051.7039313,19990838299.8764,179692803424.26
2300,Bitcoin,BTC,2019-08-15 23:59:59,10437.4106507,9675.3164202,10038.4217089,10311.545429,22899115082.1403,184357666577.279
2301,Bitcoin,BTC,2019-08-16 23:59:59,10524.3498284,9855.47883007,10319.4203458,10374.3393471,20228207096.3622,185500055338.796
2302,Bitcoin,BTC,2019-08-17 23:59:59,10452.6246924,10086.6979603,10358.7225407,10231.7438454,13778035685.0204,182966857173.0
2303,Bitcoin,BTC,2019-08-18 23:59:59,10487.070244,10119.0946079,10233.0062966,10345.8103795,12999813869.0485,185022920955.421
2304,Bitcoin,BTC,2019-08-19 23:59:59,10916.0538702,10313.2044338,10350.283631,10916.0538702,16038264603.2616,195243306008.31
2305,Bitcoin,BTC,2019-08-20 23:59:59,10947.0417192,10618.9606782,10916.3467171,10763.2326304,15053082175.362,192530283565.253
2306,Bitcoin,BTC,2019-08-21 23:59:59,10798.7297949,9962.7216442,10764.5727493,10138.049355,19473084767.8293,181364502141.631
2307,Bitcoin,BTC,2019-08-22 23:59:59,10232.9960286,9831.46262049,10142.52143,10131.0561021,17097508856.2413,181257125782.967
2308,Bitcoin,BTC,2019-08-23 23:59:59,10442.4435166,10078.1927261,10136.3095336,10407.965329,15627023886.2172,186231409722.18
2309,Bitcoin,BTC,2019-08-24 23:59:59,10418.0204345,9982.29685483,10407.6442328,10159.9605385,15451030650.3596,181813631752.038
2310,Bitcoin,BTC,2019-08-25 23:59:59,10304.6222586,10008.7887534,10160.7370213,10138.517665,14153856609.6535,181450186164.483
2311,Bitcoin,BTC,2019-08-26 23:59:59,10512.3277534,10126.2995187,10126.2995187,10370.8201605,18438654079.5348,185625235888.757
2312,Bitcoin,BTC,2019-08-27 23:59:59,10381.3283434,10087.3005576,10372.8263035,10185.4998997,14762609502.7663,182325540954.58
2313,Bitcoin,BTC,2019-08-28 23:59:59,10279.3659944,9716.65581044,10203.4268025,9754.42327325,17603790323.1144,174627460399.528
2314,Bitcoin,BTC,2019-08-29 23:59:59,9756.78570735,9421.63015965,9756.78570735,9510.20054413,17045878500.7915,170274910132.348
2315,Bitcoin,BTC,2019-08-30 23:59:59,9656.12392624,9428.30239699,9514.84485249,9598.17364826,13595263986.4386,171869216523.885
2316,Bitcoin,BTC,2019-08-31 23:59:59,9673.22043974,9531.79983914,9597.5394476,9630.66384768,11454806419.0115,172470743516.177
2317,Bitcoin,BTC,2019-09-01 23:59:59,9796.75596805,9582.94463078,9630.59319616,9757.97031807,11445355859.3666,174768292883.373
2318,Bitcoin,BTC,2019-09-02 23:59:59,10396.5913249,9730.65071681,9757.47323681,10346.7607927,17248102293.7972,185333114163.111
2319,Bitcoin,BTC,2019-09-03 23:59:59,10736.1047208,10308.5478807,10345.7251399,10623.5401172,19384917988.7139,190312487956.047
2320,Bitcoin,BTC,2019-09-04 23:59:59,10762.6442123,10434.7103971,10621.1803306,10594.4933536,16742664768.544,189810010607.682
2321,Bitcoin,BTC,2019-09-05 23:59:59,10627.2698685,10516.4182336,10588.1840215,10575.533284,14551239507.9754,189492405382.712
2322,Bitcoin,BTC,2019-09-06 23:59:59,10898.7621803,10292.3001305,10578.1978276,10353.3025592,19536574782.8784,185530405363.172
2323,Bitcoin,BTC,2019-09-07 23:59:59,10558.673705,10348.9192522,10353.9315807,10517.254784,15307366476.4524,188488525926.318
2324,Bitcoin,BTC,2019-09-08 23:59:59,10595.6380804,10409.091259,10518.1141171,10441.275979,13670567492.7551,187150078006.707
2325,Bitcoin,BTC,2019-09-09 23:59:59,10450.3115318,10144.929455,10443.2285007,10334.9741628,17595943367.9607,185263578990.272
2326,Bitcoin,BTC,2019-09-10 23:59:59,10394.3539227,10020.5734003,10336.4084054,10115.9757913,14906809639.1074,181360731382.795
2327,Bitcoin,BTC,2019-09-11 23:59:59,10215.9477875,9980.77667261,10123.0347321,10178.3718893,15428063426.0714,182502788242.499
2328,Bitcoin,BTC,2019-09-12 23:59:59,10442.2538742,10099.2419536,10176.8193616,10410.1268031,15323563925.0222,186678943058.602
2329,Bitcoin,BTC,2019-09-13 23:59:59,10441.4890164,10226.5969003,10415.3625333,10360.5472773,14109864674.7053,185809163035.281
2330,Bitcoin,BTC,2019-09-14 23:59:59,10422.1334739,10291.6944928,10345.4037591,10358.0491621,13468713124.1199,185784300332.487
2331,Bitcoin,BTC,2019-09-15 23:59:59,10387.0348987,10313.092448,10356.4657676,10347.7129074,12043433567.3488,185618174383.964
2332,Bitcoin,BTC,2019-09-16 23:59:59,10386.8668661,10189.7445857,10347.2222579,10276.7935649,15160167778.756,184366827555.185
2333,Bitcoin,BTC,2019-09-17 23:59:59,10296.7717172,10199.7397431,10281.5133161,10241.2721545,15304603363.0642,183748515827.697
2334,Bitcoin,BTC,2019-09-18 23:59:59,10275.9290823,10191.4695236,10247.7960832,10198.2484072,16169268880.2039,182998899156.058
2335,Bitcoin,BTC,2019-09-19 23:59:59,10295.6689895,9851.69215634,10200.4958846,10266.4149694,19937691247.0366,184240949577.458
2336,Bitcoin,BTC,2019-09-20 23:59:59,10285.8722648,10132.1861639,10266.3185338,10181.6413094,14734189639.282,182738947695.643
2337,Bitcoin,BTC,2019-09-21 23:59:59,10188.0979122,10000.7080483,10183.6480972,10019.7169101,13425266806.3321,179853287294.13
2338,Bitcoin,BTC,2019-09-22 23:59:59,10074.4444155,9922.53339543,10024.1152629,10070.3921064,13199651698.4687,180784051698.601
2339,Bitcoin,BTC,2019-09-23 23:59:59,10074.238246,9727.14357367,10067.9626513,9729.32376435,15144925408.1142,174674558022.766
2340,Bitcoin,BTC,2019-09-24 23:59:59,9804.31716645,8370.80138242,9729.32139737,8620.56642733,25002886688.9271,154785821876.078
2341,Bitcoin,BTC,2019-09-25 23:59:59,8744.82844926,8325.39633159,8603.42867242,8486.99297206,21744728352.6112,152404005090.737
2342,Bitcoin,BTC,2019-09-26 23:59:59,8515.68528527,7895.6296228,8487.66958635,8118.96756783,19258205289.3518,145812492487.865
2343,Bitcoin,BTC,2019-09-27 23:59:59,8271.52075751,7965.92265351,8113.10095,8251.84555744,16408941155.5063,148212635834.013
2344,Bitcoin,BTC,2019-09-28 23:59:59,8285.6167637,8125.43166316,8251.27362342,8245.91515478,14141152736.1915,148122503615.689
2345,Bitcoin,BTC,2019-09-29 23:59:59,8261.70737338,7990.49716007,8246.03737695,8104.18567564,13034629108.5014,145590374680.607
2346,Bitcoin,BTC,2019-09-30 23:59:59,8314.23099666,7830.75876126,8104.22636732,8293.86774062,17115474183.4674,149011567415.156
2347,Bitcoin,BTC,2019-10-01 23:59:59,8497.6920351,8232.67960132,8299.72110496,8343.2766814,15305343412.8303,149913972767.969
2348,Bitcoin,BTC,2019-10-02 23:59:59,8393.04164486,8227.69570267,8344.21264933,8393.04164486,13125712442.6871,150823797662.299
2349,Bitcoin,BTC,2019-10-03 23:59:59,8414.22717061,8146.43684146,8390.77428822,8259.99197863,13668823409.3658,148448162840.339
2350,Bitcoin,BTC,2019-10-04 23:59:59,8260.05563096,8151.23660841,8259.49447523,8205.93924121,13139456229.4067,147491804056.45
2351,Bitcoin,BTC,2019-10-05 23:59:59,8215.52593054,8071.12083379,8210.14909246,8151.50052921,12200497197.2163,146529229668.44
2352,Bitcoin,BTC,2019-10-06 23:59:59,8161.41016074,7958.85083002,8149.87688203,7988.15595888,13160830305.1899,143607672862.462
2353,Bitcoin,BTC,2019-10-07 23:59:59,8308.45022135,7905.76589842,7989.12044675,8245.622933,18009742607.4426,148252589805.02
2354,Bitcoin,BTC,2019-10-08 23:59:59,8332.71517142,8185.7629675,8246.84962925,8228.7831528,15592264032.1241,147966069981.652
2355,Bitcoin,BTC,2019-10-09 23:59:59,8627.70620766,8169.29898629,8229.84046087,8595.73981722,19384942333.2248,154579656110.395
2356,Bitcoin,BTC,2019-10-10 23:59:59,8625.27283353,8471.93362208,8585.2798473,8586.47342543,17618660671.4154,154430515160.222
2357,Bitcoin,BTC,2019-10-11 23:59:59,8721.78072149,8316.18140086,8585.26280768,8321.75671178,19604381101.2277,149685618275.045
2358,Bitcoin,BTC,2019-10-12 23:59:59,8415.24222171,8313.34130028,8315.66465289,8336.55527417,14532641604.5306,149965767624.062
2359,Bitcoin,BTC,2019-10-13 23:59:59,8470.98789038,8276.61224603,8336.90223051,8321.00574668,13808286058.975,149700817938.865
2360,Bitcoin,BTC,2019-10-14 23:59:59,8390.20904169,8284.13119151,8320.83224411,8374.6864467,15151387859.0232,150680499056.444
2361,Bitcoin,BTC,2019-10-15 23:59:59,8410.71471368,8182.70662559,8373.45825537,8205.36931588,15220412631.575,147650082214.972
2362,Bitcoin,BTC,2019-10-16 23:59:59,8216.81221666,7985.08963712,8204.67452005,8047.52686305,16071646995.521,144823993562.285
2363,Bitcoin,BTC,2019-10-17 23:59:59,8134.8314486,8000.94263465,8047.81274259,8103.91137325,14313052244.0844,145853994297.969
2364,Bitcoin,BTC,2019-10-18 23:59:59,8138.41371165,7902.16409743,8100.93361588,7973.20744597,15651592610.2237,143517630375.763
2365,Bitcoin,BTC,2019-10-19 23:59:59,8082.62930791,7944.7770508,7973.8037681,7988.56044241,13797825640.2423,143808163806.88
2366,Bitcoin,BTC,2019-10-20 23:59:59,8281.81863723,7949.43922655,7997.8070221,8222.07826034,15504249442.1065,148026597063.944
2367,Bitcoin,BTC,2019-10-21 23:59:59,8296.69397668,8196.41634287,8225.11518823,8243.72113905,15868748865.705,148432733155.222
2368,Bitcoin,BTC,2019-10-22 23:59:59,8296.65115115,8074.46280468,8243.40209165,8078.20332194,16803377856.538,145469660005.416
2369,Bitcoin,BTC,2019-10-23 23:59:59,8092.99949202,7469.32269922,8076.22846601,7514.67201276,21942878957.5397,135337364281.804
2370,Bitcoin,BTC,2019-10-24 23:59:59,7532.86765606,7446.98855091,7509.72818274,7493.48873154,16268708848.7612,134968410276.478
2371,Bitcoin,BTC,2019-10-25 23:59:59,8691.53999754,7479.98432283,7490.70317641,8660.70063696,28705065488.2505,156006603607.064
2372,Bitcoin,BTC,2019-10-26 23:59:59,10021.743983,8662.62237955,8667.57715496,9244.97220867,44496255608.7526,166547360781.636
2373,Bitcoin,BTC,2019-10-27 23:59:59,9749.52966634,9112.54182017,9241.70707513,9551.7149631,32593129500.7442,172087039875.447
2374,Bitcoin,BTC,2019-10-28 23:59:59,9805.11808945,9256.14838876,9565.10188348,9256.14838876,30948255331.8234,166777392742.458
2375,Bitcoin,BTC,2019-10-29 23:59:59,9516.18104772,9232.64808578,9248.4405622,9427.68758384,28426779937.4131,169883866262.332
2376,Bitcoin,BTC,2019-10-30 23:59:59,9426.87421747,9085.3703568,9422.4633254,9205.72655905,27706531577.461,165899500650.49
2377,Bitcoin,BTC,2019-10-31 23:59:59,9383.16089153,9028.71744031,9202.45758879,9199.58483269,26583653946.6317,165804227834.59
2378,Bitcoin,BTC,2019-11-01 23:59:59,9275.65727074,9132.04757639,9193.99198943,9261.104352,24324691031.33,166928044163.92
2379,Bitcoin,BTC,2019-11-02 23:59:59,9377.48656728,9249.58772699,9259.78300285,9324.71776331,21242676385.3271,168090392934.699
2380,Bitcoin,BTC,2019-11-03 23:59:59,9379.80687235,9141.25199093,9324.78683223,9235.35487947,21132220847.4905,166495319475.216
2381,Bitcoin,BTC,2019-11-04 23:59:59,9505.05167619,9191.48573922,9235.60706498,9412.61187106,26170255634.422,169706332936.354
2382,Bitcoin,BTC,2019-11-05 23:59:59,9457.41843455,9256.93201502,9413.00494286,9342.52717939,26198609047.8397,168459778835.171
2383,Bitcoin,BTC,2019-11-06 23:59:59,9423.23703723,9305.90931362,9340.86427973,9360.87991187,23133895764.6078,168806151582.738
2384,Bitcoin,BTC,2019-11-07 23:59:59,9368.47622343,9202.35313712,9352.39346741,9267.56114253,22700383838.5234,167138722904.034
2385,Bitcoin,BTC,2019-11-08 23:59:59,9272.75941894,8775.53408279,9265.36833744,8804.88071936,24333037836.1548,158808570728.683
2386,Bitcoin,BTC,2019-11-09 23:59:59,8891.81831071,8793.16349154,8809.46919831,8813.58248677,17578630605.9219,158981489715.407
2387,Bitcoin,BTC,2019-11-10 23:59:59,9103.82584426,8806.16233361,8812.48953287,9055.52605732,20587919881.0251,163364406731.87
2388,Bitcoin,BTC,2019-11-11 23:59:59,9081.27928096,8700.60878725,9056.91770059,8757.78854226,20265510765.3146,158009772437.163
2389,Bitcoin,BTC,2019-11-12 23:59:59,8853.76817777,8685.42814321,8759.75190096,8815.66253925,20309769107.2552,159068712900.41
2390,Bitcoin,BTC,2019-11-13 23:59:59,8836.84179047,8761.6511216,8812.03362864,8808.2625823,17545755404.6043,158949942842.024
2391,Bitcoin,BTC,2019-11-14 23:59:59,8826.94365923,8692.55188007,8811.93633174,8708.09509517,19084739974.5708,157160974643.863
2392,Bitcoin,BTC,2019-11-15 23:59:59,8730.8734266,8484.84418485,8705.70810061,8491.99201234,21796856471.0897,153277483625.533
2393,Bitcoin,BTC,2019-11-16 23:59:59,8591.99724097,8473.97406353,8491.16631667,8550.76055694,16495389808.4135,154354054193.602
2394,Bitcoin,BTC,2019-11-17 23:59:59,8727.78922661,8500.96788688,8549.47090893,8577.9757816,18668638896.6252,154861842424.932
2395,Bitcoin,BTC,2019-11-18 23:59:59,8653.28015751,8273.57288734,8573.98009164,8309.28598342,21579470673.406,150025712267.127
2396,Bitcoin,BTC,2019-11-19 23:59:59,8408.51612757,8099.96336899,8305.13429095,8206.14591807,21083613815.9481,148178376842.59
2397,Bitcoin,BTC,2019-11-20 23:59:59,8237.23987375,8010.51190064,8203.61317991,8027.26824331,20764300436.8365,144962727397.799
2398,Bitcoin,BTC,2019-11-21 23:59:59,8110.09813105,7597.38160764,8023.64468729,7642.74994484,22514243371.4685,138031885378.783
2399,Bitcoin,BTC,2019-11-22 23:59:59,7697.38271398,6936.70659892,7643.56942455,7296.57756843,34242315784.8124,131791783672.11
2400,Bitcoin,BTC,2019-11-23 23:59:59,7442.25893278,7151.41781411,7296.16442479,7397.7968154,21008924417.7026,133636205957.351
2401,Bitcoin,BTC,2019-11-24 23:59:59,7408.57736944,7029.28912726,7398.63390574,7047.91688176,30433517289.4688,127327398565.035
2402,Bitcoin,BTC,2019-11-25 23:59:59,7319.85680403,6617.1670508,7039.97703454,7146.13390214,42685231261.741,129112952930.262
2403,Bitcoin,BTC,2019-11-26 23:59:59,7320.23035135,7098.57229752,7145.1590862,7218.37133433,21129505542.4938,130429018719.748
2404,Bitcoin,BTC,2019-11-27 23:59:59,7619.6935852,6974.17436987,7220.88064968,7531.6636446,23991412764.1441,136102712894.028
2405,Bitcoin,BTC,2019-11-28 23:59:59,7730.07266616,7454.12179377,7536.82010358,7463.1061283,19050116751.2687,134879411013.193
2406,Bitcoin,BTC,2019-11-29 23:59:59,7781.1796785,7460.75621581,7466.72728957,7761.24360172,19709695455.776,140280108520.941
2407,Bitcoin,BTC,2019-11-30 23:59:59,7836.10181158,7515.84946647,7764.05726187,7569.63012202,17158194786.41,136829391048.646
2408,Bitcoin,BTC,2019-12-01 23:59:59,7571.61619421,7291.34195468,7571.61619421,7424.29226516,18720708479.3486,134215145409.923
2409,Bitcoin,BTC,2019-12-02 23:59:59,7474.81886382,7233.39953789,7424.03619682,7321.98811242,17082040705.7805,132378982376.714
2410,Bitcoin,BTC,2019-12-03 23:59:59,7418.85890799,7229.35711475,7323.97540332,7320.1454684,14797485769.0999,132359942301.421
2411,Bitcoin,BTC,2019-12-04 23:59:59,7539.78474641,7170.92266087,7320.12506594,7252.03458617,21664240918.4506,131143073943.328
2412,Bitcoin,BTC,2019-12-05 23:59:59,7743.43172474,7232.67698855,7253.24189285,7448.30752084,18816085231.2983,134706455047.842
2413,Bitcoin,BTC,2019-12-06 23:59:59,7546.99669772,7392.17506274,7450.56165667,7546.99669772,18104466306.7688,136504883934.631
2414,Bitcoin,BTC,2019-12-07 23:59:59,7589.95176549,7525.71133898,7547.26544276,7556.23803387,15453520564.0591,136686769529.039
2415,Bitcoin,BTC,2019-12-08 23:59:59,7634.60664192,7476.09125491,7551.33900507,7564.3454032,15409908086.2037,136847419895.976
2416,Bitcoin,BTC,2019-12-09 23:59:59,7618.09166983,7365.98519914,7561.79517117,7400.89935576,17872021272.3945,133904005787.106
2417,Bitcoin,BTC,2019-12-10 23:59:59,7424.02286377,7246.04375293,7397.13422776,7278.1197833,18249031194.8933,131696121854.857
2418,Bitcoin,BTC,2019-12-11 23:59:59,7324.15640741,7195.52739606,7277.19769871,7217.4271152,16350490689.2812,130609895527.986
2419,Bitcoin,BTC,2019-12-12 23:59:59,7266.6394584,7164.7412448,7216.73886245,7243.13436273,18927080224.0183,131087151088.483
2420,Bitcoin,BTC,2019-12-13 23:59:59,7293.56066067,7227.12274448,7244.66223669,7269.68455922,17125736940.1692,131581377758.097
2421,Bitcoin,BTC,2019-12-14 23:59:59,7308.83632746,7097.20887996,7268.90271202,7124.67396997,17137029729.9478,128970221233.088
2422,Bitcoin,BTC,2019-12-15 23:59:59,7181.0755288,6924.37592187,7124.23952463,7152.30184412,16881129804.3008,129481424647.556
2423,Bitcoin,BTC,2019-12-16 23:59:59,7171.16870269,6903.68277313,7153.66322803,6932.48038982,20213265949.6212,125515586951.621
2424,Bitcoin,BTC,2019-12-17 23:59:59,6964.07495829,6587.97426228,6931.31521843,6640.51524608,22363804217.3446,120234244808.994
2425,Bitcoin,BTC,2019-12-18 23:59:59,7324.98487298,6540.04927709,6647.69846901,7276.80277047,31836522778.202,131754969804.179
2426,Bitcoin,BTC,2019-12-19 23:59:59,7346.60239301,7041.3820191,7277.59099229,7202.84436364,25904604415.96,130445758712.962
2427,Bitcoin,BTC,2019-12-20 23:59:59,7257.92191888,7086.12400862,7208.63695894,7218.81638679,22633815180.0537,130752796980.24
2428,Bitcoin,BTC,2019-12-21 23:59:59,7223.22627792,7112.73608254,7220.59355274,7191.15846913,19312552168.1143,130267655889.328
2429,Bitcoin,BTC,2019-12-22 23:59:59,7518.03306263,7167.17911959,7191.18870288,7511.58904232,23134537956.153,136088022048.89
2430,Bitcoin,BTC,2019-12-23 23:59:59,7656.17619127,7326.19251983,7508.90255573,7355.62826671,27831788041.2053,133275709110.985
2431,Bitcoin,BTC,2019-12-24 23:59:59,7535.71669352,7269.52874884,7354.39283808,7322.5324589,22991622105.4083,132687583294.875
2432,Bitcoin,BTC,2019-12-25 23:59:59,7357.01996276,7220.99109225,7325.75589098,7275.15572845,21559505148.8096,131840641291.733
2433,Bitcoin,BTC,2019-12-26 23:59:59,7388.30253592,7200.38659835,7274.79942782,7238.96702501,22787010034.3503,131200030099.764
2434,Bitcoin,BTC,2019-12-27 23:59:59,7363.52923526,7189.93393524,7238.14118032,7290.08851803,22777360995.5688,132139502950.022
2435,Bitcoin,BTC,2019-12-28 23:59:59,7399.04088941,7286.90517228,7289.0311303,7317.99003408,21365673026.1211,132659059739.795
2436,Bitcoin,BTC,2019-12-29 23:59:59,7513.94840873,7279.86546765,7317.64758783,7422.65258898,22445257701.742,134570835775.06
2437,Bitcoin,BTC,2019-12-30 23:59:59,7454.82402731,7276.30814028,7420.27278806,7292.99507783,22874131671.9859,132235128152.198
2438,Bitcoin,BTC,2019-12-31 23:59:59,7335.2900508,7169.77768628,7294.4388956,7193.59897843,21167946112.2959,130446112598.42
2439,Bitcoin,BTC,2020-01-01 23:59:59,7254.33061134,7174.94415256,7194.89197053,7200.17439274,18565664996.7884,130580829149.587
2440,Bitcoin,BTC,2020-01-02 23:59:59,7212.15525252,6935.26997193,7202.55112207,6985.47000061,20802083465.3292,126699395235.204
2441,Bitcoin,BTC,2020-01-03 23:59:59,7413.71509934,6914.99590793,6984.4286123,7344.88418341,28111481031.9377,133233444755.489
2442,Bitcoin,BTC,2020-01-04 23:59:59,7427.38579435,7309.5140117,7345.37527527,7410.65656642,18444271274.7607,134442464030.264
2443,Bitcoin,BTC,2020-01-05 23:59:59,7544.49687224,7400.5355609,7410.45169373,7411.31732676,19725074094.5446,134469548249.076
2444,Bitcoin,BTC,2020-01-06 23:59:59,7781.86718275,7409.29318246,7410.45216807,7769.21903905,23276261598.2482,140976457303.71
2445,Bitcoin,BTC,2020-01-07 23:59:59,8178.21587336,7768.22771944,7768.68189098,8163.69223944,28767291326.9703,148152237653.685
2446,Bitcoin,BTC,2020-01-08 23:59:59,8396.73788064,7956.77421957,8161.93547734,8079.86277673,31672559264.5185,146645162431.476
2447,Bitcoin,BTC,2020-01-09 23:59:59,8082.29607413,7842.4036134,8082.29607413,7879.07152428,24045990465.6494,143016572819.392
2448,Bitcoin,BTC,2020-01-10 23:59:59,8166.55414039,7726.77498918,7878.30753815,8166.55414039,28714583843.7846,148249907276.742
2449,Bitcoin,BTC,2020-01-11 23:59:59,8218.3589373,8029.64210795,8162.1911379,8037.53738872,25521165085.3714,145924199942.312
2450,Bitcoin,BTC,2020-01-12 23:59:59,8200.06347027,8009.0588841,8033.26184596,8192.49400532,22903438381.3875,148752956965.746
2451,Bitcoin,BTC,2020-01-13 23:59:59,8197.78817891,8079.70074107,8189.77206362,8144.19451744,22482910687.9031,147890525972.527
2452,Bitcoin,BTC,2020-01-14 23:59:59,8879.51152651,8140.93309605,8140.93309605,8827.76442606,44841784107.1774,160319484882.901
2453,Bitcoin,BTC,2020-01-15 23:59:59,8890.11741953,8657.18744654,8825.34368451,8807.01027532,40102834649.9655,159959191211.678
2454,Bitcoin,BTC,2020-01-16 23:59:59,8846.46109861,8612.09583682,8812.48149122,8723.78576573,31313981930.8235,158465055984.185
2455,Bitcoin,BTC,2020-01-17 23:59:59,8958.12195167,8677.3163483,8725.20996387,8929.0376776,36372139320.4446,162211148777.656
2456,Bitcoin,BTC,2020-01-18 23:59:59,9012.19810645,8827.33234474,8927.21225983,8942.80890321,32337772626.799,162475965880.12
2457,Bitcoin,BTC,2020-01-19 23:59:59,9164.36225977,8620.0799932,8941.44574506,8706.24512993,34217320471.3994,158194319734.796
2458,Bitcoin,BTC,2020-01-20 23:59:59,8745.59079709,8560.47404294,8704.63181434,8657.64293942,26422375678.0529,157327553259.434
2459,Bitcoin,BTC,2020-01-21 23:59:59,8755.70629569,8544.52045256,8658.99118302,8745.89478833,24097418512.0058,158947996833.847
2460,Bitcoin,BTC,2020-01-22 23:59:59,8792.9938714,8636.7474349,8744.21075075,8680.87604222,22600204050.5816,157783273070.101
2461,Bitcoin,BTC,2020-01-23 23:59:59,8687.74708842,8333.63787363,8680.65055954,8406.5160678,25770680778.6907,152813329632.858
2462,Bitcoin,BTC,2020-01-24 23:59:59,8514.66703526,8266.84057849,8405.56773288,8445.43428152,24397913025.6774,153536829768.103
2463,Bitcoin,BTC,2020-01-25 23:59:59,8458.45301525,8296.21900672,8440.11958702,8367.84777344,19647331548.6757,152143262649.888
2464,Bitcoin,BTC,2020-01-26 23:59:59,8602.40124618,8325.49808268,8364.41006958,8596.82983316,22177678795.56,156322174637.231
2465,Bitcoin,BTC,2020-01-27 23:59:59,8977.7269618,8597.30877926,8597.30877926,8909.81917753,28647338393.165,162027957434.616
2466,Bitcoin,BTC,2020-01-28 23:59:59,9358.59031703,8908.44692853,8912.52433979,9358.59031703,34398744402.6914,170205617954.856
2467,Bitcoin,BTC,2020-01-29 23:59:59,9406.43179329,9269.46813861,9357.47037892,9316.62950445,30682598115.464,169460984603.208
2468,Bitcoin,BTC,2020-01-30 23:59:59,9553.12613251,9230.89727886,9316.01697842,9508.9935947,32378792850.8777,172978577930.867
2469,Bitcoin,BTC,2020-01-31 23:59:59,9521.70592625,9230.77618023,9508.31314184,9350.52936518,29432489719.1331,170112778161.315
2470,Bitcoin,BTC,2020-02-01 23:59:59,9439.323332,9313.2387904,9346.35762761,9392.87536841,25922656496.1848,170900662180.114
2471,Bitcoin,BTC,2020-02-02 23:59:59,9468.79761797,9217.82397728,9389.82059095,9344.36529292,30835736946.1066,170034976661.751
2472,Bitcoin,BTC,2020-02-03 23:59:59,9540.37173779,9248.63423233,9344.68367852,9293.52108908,30934096508.7388,169126861033.712
2473,Bitcoin,BTC,2020-02-04 23:59:59,9331.26581712,9112.8114171,9292.84190002,9180.9629665,29893183716.0878,167093636161.856
2474,Bitcoin,BTC,2020-02-05 23:59:59,9701.30003735,9163.70413921,9183.41577743,9613.42428895,35222060874.4553,174983423932.952
2475,Bitcoin,BTC,2020-02-06 23:59:59,9824.61926061,9539.8180851,9617.8210448,9729.80223149,37628823715.5135,177118274393.946
2476,Bitcoin,BTC,2020-02-07 23:59:59,9834.71678972,9726.00315742,9726.00315742,9795.94377253,34522718159.4693,178339437206.337
2477,Bitcoin,BTC,2020-02-08 23:59:59,9876.74934121,9678.90979138,9793.07042002,9865.11946905,35172043761.8284,179615828322.347
2478,Bitcoin,BTC,2020-02-09 23:59:59,10129.4351603,9850.39221314,9863.89488145,10116.673759,35807884663.4158,184214765394.475
2479,Bitcoin,BTC,2020-02-10 23:59:59,10165.765355,9784.563802,10115.559686,9856.61149362,39386548074.7018,179494809265.716
2480,Bitcoin,BTC,2020-02-11 23:59:59,10210.0526411,9729.33489054,9855.89170857,10208.2362609,37648059388.6878,185917114988.663
2481,Bitcoin,BTC,2020-02-12 23:59:59,10393.6117227,10202.3876541,10202.3876541,10326.0545246,43444303830.2328,188081204385.987
2482,Bitcoin,BTC,2020-02-13 23:59:59,10457.6271997,10116.1614999,10323.9604932,10214.3794638,49356071372.9288,186065003525.648
2483,Bitcoin,BTC,2020-02-14 23:59:59,10321.9957973,10125.5337907,10211.5503892,10312.1160909,43338264161.5617,187862645448.777
2484,Bitcoin,BTC,2020-02-15 23:59:59,10341.5559017,9874.4275077,10313.8568369,9889.42462838,43865054831.0045,180179996218.634
2485,Bitcoin,BTC,2020-02-16 23:59:59,10053.9690091,9722.38715745,9889.17970534,9934.43339025,43374780305.4408,181017665264.459
2486,Bitcoin,BTC,2020-02-17 23:59:59,9938.81578,9507.63799409,9936.56026014,9690.14261814,45998298412.6028,176585280987.035
2487,Bitcoin,BTC,2020-02-18 23:59:59,10161.9353141,9632.38276334,9691.23094489,10141.9963705,47271023953.4278,184838512656.137
2488,Bitcoin,BTC,2020-02-19 23:59:59,10191.6758471,9611.22354001,10143.7983568,9633.38688518,46992019709.9208,175585931679.441
2489,Bitcoin,BTC,2020-02-20 23:59:59,9643.21673144,9507.90006137,9629.32531033,9608.47590343,44925260236.831,175147142158.083
2490,Bitcoin,BTC,2020-02-21 23:59:59,9723.01498512,9589.74360064,9611.78201954,9686.44119763,40930547512.6559,176587087363.478
2491,Bitcoin,BTC,2020-02-22 23:59:59,9698.23112312,9600.72878571,9687.70676008,9663.18182933,35838025154.2608,176180696547.801
2492,Bitcoin,BTC,2020-02-23 23:59:59,9937.40410608,9657.79114467,9663.31864201,9924.51522822,41185185761.491,180963233539.785
2493,Bitcoin,BTC,2020-02-24 23:59:59,9951.74614899,9537.04322252,9921.58346055,9650.17480677,45080496648.3463,175977808525.913
2494,Bitcoin,BTC,2020-02-25 23:59:59,9652.73686506,9305.02118582,9651.31279866,9341.70516876,42515259129.2118,170369581557.89
2495,Bitcoin,BTC,2020-02-26 23:59:59,9354.77831023,8704.4265506,9338.29028024,8820.52220005,50420050761.9225,160879489024.207
2496,Bitcoin,BTC,2020-02-27 23:59:59,8932.89304727,8577.19930942,8825.09351775,8784.49384867,45470195695.0864,160238496932.208
2497,Bitcoin,BTC,2020-02-28 23:59:59,8890.45600513,8492.93215312,8788.72854689,8672.45534996,44605450442.7398,158211707018.784
2498,Bitcoin,BTC,2020-02-29 23:59:59,8775.63201232,8599.50861972,8671.21254207,8599.50861972,35792392544.0102,156895988083.74
2499,Bitcoin,BTC,2020-03-01 23:59:59,8726.79676016,8471.21262606,8599.7583441,8562.45405008,35349164300.1413,156238987739.907
2500,Bitcoin,BTC,2020-03-02 23:59:59,8921.30839546,8532.63094465,8563.26425933,8869.67031078,42857674408.8765,161861167745.164
2501,Bitcoin,BTC,2020-03-03 23:59:59,8901.59868323,8704.99029396,8865.38796487,8787.78645576,42386715820.5577,160383579416.238
2502,Bitcoin,BTC,2020-03-04 23:59:59,8843.36574975,8712.43181192,8788.54218625,8755.24589461,34746706368.1467,159807857328.088
2503,Bitcoin,BTC,2020-03-05 23:59:59,9142.05429624,8757.25403405,8760.28504049,9078.76279174,39698054597.4259,165731679917.865
2504,Bitcoin,BTC,2020-03-06 23:59:59,9167.69579623,9032.07958273,9078.30852906,9122.54557333,40826885650.9438,166548261959.532
2505,Bitcoin,BTC,2020-03-07 23:59:59,9163.22109566,8890.74417157,9121.60053553,8909.9536515,36216930369.6665,162684945902.611
2506,Bitcoin,BTC,2020-03-08 23:59:59,8914.34415498,8105.25280434,8908.20601509,8108.11629101,39973102120.5682,148060284561.061
2507,Bitcoin,BTC,2020-03-09 23:59:59,8177.79322362,7690.09818591,8111.14639164,7923.6447033,46936995808.1849,144706353758.487
2508,Bitcoin,BTC,2020-03-10 23:59:59,8136.9452227,7814.76324378,7922.1470416,7909.72939346,42213940993.6104,144465567734.489
2509,Bitcoin,BTC,2020-03-11 23:59:59,7950.81435628,7642.81243049,7910.08980669,7911.43012933,38682762604.6366,144508402670.563
2510,Bitcoin,BTC,2020-03-12 23:59:59,7929.11601884,4860.35383012,7913.61638784,4970.78790105,53980357243.0501,90804613600.616
2511,Bitcoin,BTC,2020-03-13 23:59:59,5838.11493749,4106.98075029,5017.83083939,5563.70689169,74156772074.9603,101644613038.335
2512,Bitcoin,BTC,2020-03-14 23:59:59,5625.22650517,5125.06934725,5573.07764952,5200.36626392,36154506007.5848,95014981943.9861
2513,Bitcoin,BTC,2020-03-15 23:59:59,5836.64500618,5169.28339052,5201.06668673,5392.31488002,33997889638.762,98530059889.968
2514,Bitcoin,BTC,2020-03-16 23:59:59,5385.22952159,4575.35788665,5385.22952159,5014.47997748,45368026429.6205,91633478850.4746
2515,Bitcoin,BTC,2020-03-17 23:59:59,5371.34851644,4981.90941273,5002.5781383,5225.62919259,38622642935.2466,95499941183.34
2516,Bitcoin,BTC,2020-03-18 23:59:59,5331.83385967,5069.3361519,5227.1136885,5238.43857664,37878801016.3368,95740715528.8542
2517,Bitcoin,BTC,2020-03-19 23:59:59,6329.73594838,5236.96875288,5245.4166032,6191.19295222,51000731797.4328,113162079955.697
2518,Bitcoin,BTC,2020-03-20 23:59:59,6844.26152806,5865.78196437,6191.65372133,6198.77820508,54442976102.5119,113309245860.002
2519,Bitcoin,BTC,2020-03-21 23:59:59,6378.13517055,5932.82338618,6206.52165025,6185.06651501,42494390879.6104,113068192795.056
2520,Bitcoin,BTC,2020-03-22 23:59:59,6359.69729033,5823.71407014,6185.55790292,5830.25479765,40099664740.0619,106591196068.926
2521,Bitcoin,BTC,2020-03-23 23:59:59,6443.93454693,5785.00445322,5831.37473534,6416.31475839,46491915999.7158,117314776187.32
2522,Bitcoin,BTC,2020-03-24 23:59:59,6789.02272423,6411.06651215,6436.64245088,6734.80378045,48221910672.248,123148917787.229
2523,Bitcoin,BTC,2020-03-25 23:59:59,6892.51135949,6536.92618369,6738.71663989,6681.06312656,44590107887.9421,122174009142.91
2524,Bitcoin,BTC,2020-03-26 23:59:59,6735.4638794,6590.96271561,6675.17065538,6716.44054866,35319797641.53,122834375215.51
2525,Bitcoin,BTC,2020-03-27 23:59:59,6793.83619652,6466.70180578,6719.38897407,6469.79813509,34585598366.5512,118336082172.395
2526,Bitcoin,BTC,2020-03-28 23:59:59,6467.501165,6117.83774851,6467.25404592,6242.1938684,34885225901.0064,114183689640.72
2527,Bitcoin,BTC,2020-03-29 23:59:59,6250.46730894,5920.08601757,6245.62462695,5922.0431227,28373690930.5441,108338520155.504
2528,Bitcoin,BTC,2020-03-30 23:59:59,6517.19578925,5903.23434726,5925.53848884,6429.84193389,37101651525.2979,117640143688.458
2529,Bitcoin,BTC,2020-03-31 23:59:59,6504.51532416,6374.16217148,6430.60652809,6438.64476637,32786468812.0812,117814077266.537
2530,Bitcoin,BTC,2020-04-01 23:59:59,6612.57379089,6202.37351173,6437.31921486,6606.77626829,40346426265.7324,120903014693.267
2531,Bitcoin,BTC,2020-04-02 23:59:59,7088.24732438,6595.91827654,6606.77626829,6793.62459642,47660646124.4133,124335130640.41
2532,Bitcoin,BTC,2020-04-03 23:59:59,7003.22078432,6673.33575767,6797.39659183,6733.3873906,38976504902.968,123244051099.793
2533,Bitcoin,BTC,2020-04-04 23:59:59,6878.95351761,6696.48466818,6738.38301967,6867.52731596,33185988583.8042,125712834529.574
2534,Bitcoin,BTC,2020-04-05 23:59:59,6883.41414332,6715.9292996,6862.53782636,6791.12944093,29510409856.1053,124328853511.615
2535,Bitcoin,BTC,2020-04-06 23:59:59,7271.7811527,6782.88974461,6788.04980287,7271.7811527,46896904614.9285,133140400947.86
2536,Bitcoin,BTC,2020-04-07 23:59:59,7427.93933989,7136.71418613,7273.64421075,7176.41450049,44243482667.8499,131409299432.46
2537,Bitcoin,BTC,2020-04-08 23:59:59,7356.22386412,7153.30567428,7179.28341821,7334.09845346,37563249548.9382,134309895035.597
2538,Bitcoin,BTC,2020-04-09 23:59:59,7341.44831412,7179.0943407,7337.9661825,7302.0895105,34815139177.5936,133737857009.882
2539,Bitcoin,BTC,2020-04-10 23:59:59,7303.81519824,6802.47496589,7303.81519824,6865.49337195,43622840991.71,125755496117.263
2540,Bitcoin,BTC,2020-04-11 23:59:59,6926.0696338,6789.9207024,6867.4404519,6859.08296343,31222085946.2734,125651623116.07
2541,Bitcoin,BTC,2020-04-12 23:59:59,7119.94706176,6811.07790015,6858.06802459,6971.09159108,35759567632.2851,127716846208.307
2542,Bitcoin,BTC,2020-04-13 23:59:59,6965.61663772,6668.25976411,6965.61663772,6845.03769683,38619308647.4394,125422221237.296
2543,Bitcoin,BTC,2020-04-14 23:59:59,6958.55722441,6793.82120931,6843.28177662,6842.42786097,34110434051.8629,125388687977.151
2544,Bitcoin,BTC,2020-04-15 23:59:59,6928.66436972,6633.40269245,6845.56171696,6642.10989286,32288311030.7598,121731940639.413
2545,Bitcoin,BTC,2020-04-16 23:59:59,7134.45052778,6555.50427487,6640.45388894,7116.80421777,46783242376.7001,130445413270.0
2546,Bitcoin,BTC,2020-04-17 23:59:59,7167.18298759,7050.33182989,7116.55260865,7096.18465879,32513423567.4314,130078472088.331
2547,Bitcoin,BTC,2020-04-18 23:59:59,7269.95653094,7089.24716763,7092.29152293,7257.66485847,32447188385.9262,133053136875.737
2548,Bitcoin,BTC,2020-04-19 23:59:59,7280.52178187,7167.05456229,7260.92257873,7189.42482356,31311210215.3203,131815853850.003
2549,Bitcoin,BTC,2020-04-20 23:59:59,7240.29059686,6835.50314462,7186.8737411,6881.95869275,37747113935.8454,126192239912.382
2550,Bitcoin,BTC,2020-04-21 23:59:59,6934.55187057,6834.44232463,6879.78434985,6880.32347375,32589741510.7266,126175238603.42
2551,Bitcoin,BTC,2020-04-22 23:59:59,7145.86574462,6867.78168929,6879.44029975,7117.20747869,33249153865.7605,130530916076.973
2552,Bitcoin,BTC,2020-04-23 23:59:59,7491.78492971,7081.5946281,7121.30605911,7429.72464927,43500782316.0712,136275638030.678
2553,Bitcoin,BTC,2020-04-24 23:59:59,7574.19602617,7434.18155636,7434.18155636,7550.90102725,34636526285.7972,138512029491.143
2554,Bitcoin,BTC,2020-04-25 23:59:59,7641.36397705,7521.67241878,7550.48301195,7569.93603405,32941541446.9347,138874072264.263
2555,Bitcoin,BTC,2020-04-26 23:59:59,7700.59429483,7561.40785333,7570.13893823,7679.86720422,33070154490.749,140903867572.585
2556,Bitcoin,BTC,2020-04-27 23:59:59,7795.60083451,7679.41895085,7679.41895085,7795.60083451,36162144724.7077,143040988589.571
2557,Bitcoin,BTC,2020-04-28 23:59:59,7814.52714133,7730.80654225,7796.97044056,7807.05845106,33187959920.9249,143266252261.336
2558,Bitcoin,BTC,2020-04-29 23:59:59,8871.75372738,7786.04929564,7806.71256355,8801.03776688,60201052202.5403,161522471384.783
2559,Bitcoin,BTC,2020-04-30 23:59:59,9440.65067326,8533.25593295,8797.67005044,8658.55417975,66964629541.3087,158922133909.094
2560,Bitcoin,BTC,2020-05-01 23:59:59,9048.02383263,8667.76321655,8672.7819143,8864.76680793,44068389996.9374,162722652380.246
2561,Bitcoin,BTC,2020-05-02 23:59:59,9007.18780321,8811.36632956,8869.05761887,8988.5962069,40134388683.2271,165012307599.614
2562,Bitcoin,BTC,2020-05-03 23:59:59,9167.7813443,8830.97125528,8983.61414879,8897.46850985,47101785174.2562,163358189150.984
2563,Bitcoin,BTC,2020-05-04 23:59:59,8956.90651911,8645.02412633,8895.74487399,8912.65460539,45718796275.5495,163654493632.392
2564,Bitcoin,BTC,2020-05-05 23:59:59,9062.41456364,8856.82715528,8912.8321603,9003.07017834,43148462663.1671,165332488791.878
2565,Bitcoin,BTC,2020-05-06 23:59:59,9411.46787039,8966.70598977,9007.44125582,9268.76208066,49371886931.4799,170229620935.298
2566,Bitcoin,BTC,2020-05-07 23:59:59,9992.66392105,9138.32257195,9261.89505826,9951.5187451,61112700562.079,182787376636.504
2567,Bitcoin,BTC,2020-05-08 23:59:59,9996.74335304,9767.17307027,9936.16248196,9842.66636785,51780748041.9506,180804859844.221
2568,Bitcoin,BTC,2020-05-09 23:59:59,9913.86299284,9580.64449235,9840.90638396,9593.89673363,46566121841.1111,176251395672.863
2569,Bitcoin,BTC,2020-05-10 23:59:59,9595.58062909,8395.10745112,9591.16923131,8756.43114193,63325279336.9553,160884755210.801
2570,Bitcoin,BTC,2020-05-11 23:59:59,9033.47117613,8374.32297508,8755.5356389,8601.79620238,57119858801.9446,158059235275.589
2571,Bitcoin,BTC,2020-05-12 23:59:59,8949.89797874,8569.64398804,8610.38621232,8804.47781074,42142717533.1676,161791577300.916
2572,Bitcoin,BTC,2020-05-13 23:59:59,9317.87855411,8805.38781338,8805.38781338,9269.98770576,45558144023.0156,170352710071.21
2573,Bitcoin,BTC,2020-05-14 23:59:59,9793.26820869,9255.03484619,9271.32863776,9733.72147137,56426907637.2912,178881641547.089
2574,Bitcoin,BTC,2020-05-15 23:59:59,9755.82849814,9261.3979997,9734.29077525,9328.19722645,48158802327.3442,171436341789.485
2575,Bitcoin,BTC,2020-05-16 23:59:59,9564.20498908,9260.69416318,9333.23987276,9377.0140257,36164766407.6309,172340956578.561
2576,Bitcoin,BTC,2020-05-17 23:59:59,9823.0022878,9349.5460711,9374.92998661,9670.73937122,40084250662.9587,177745404470.085
2577,Bitcoin,BTC,2020-05-18 23:59:59,9906.03020325,9570.35898532,9675.69498013,9726.5748149,41827139895.6194,178779483463.616
2578,Bitcoin,BTC,2020-05-19 23:59:59,9836.04752405,9539.62405543,9727.06360375,9729.0379192,39254288954.9774,178831635026.347
2579,Bitcoin,BTC,2020-05-20 23:59:59,9804.79388786,9447.20154126,9725.32936525,9522.98115678,36546239702.5477,175050963474.872
2580,Bitcoin,BTC,2020-05-21 23:59:59,9555.24217533,8869.93110855,9522.74008319,9081.76202252,39326160532.4299,166947987863.53
2581,Bitcoin,BTC,2020-05-22 23:59:59,9232.93609283,9008.63827133,9080.33473763,9182.57751787,29810773699.2271,168807619957.283
2582,Bitcoin,BTC,2020-05-23 23:59:59,9302.50164919,9118.10885548,9185.06272737,9209.28742769,27727866811.6695,169305492439.588
2583,Bitcoin,BTC,2020-05-24 23:59:59,9288.40401564,8787.251002,9212.28340427,8790.36800074,32518803299.5833,161610414642.629
2584,Bitcoin,BTC,2020-05-25 23:59:59,8951.00563809,8719.66836224,8786.10769511,8906.93476142,31288157264.1934,163760453116.409
2585,Bitcoin,BTC,2020-05-26 23:59:59,8991.9676255,8757.29380384,8909.58607327,8835.05306073,29584186947.0227,162445535235.104
2586,Bitcoin,BTC,2020-05-27 23:59:59,9203.32051535,8834.15742919,8837.3812128,9181.01794762,32740536902.3266,168814700531.386
2587,Bitcoin,BTC,2020-05-28 23:59:59,9546.31960175,9148.45714843,9184.94499772,9525.7510947,34367073114.464,175161235290.292
2588,Bitcoin,BTC,2020-05-29 23:59:59,9573.66681733,9379.33894613,9528.35562913,9439.12439045,32896642044.2639,173575756364.005
2589,Bitcoin,BTC,2020-05-30 23:59:59,9704.03030928,9366.72941775,9438.91400926,9700.41407169,32722975141.2035,178390129757.676
2590,Bitcoin,BTC,2020-05-31 23:59:59,9700.34389507,9432.29679512,9700.10569689,9461.05891806,27773290298.5099,173997151929.677
2591,Bitcoin,BTC,2020-06-01 23:59:59,10199.5649719,9450.89911148,9463.6056622,10167.2681012,35198901068.3888,186993405740.449
2592,Bitcoin,BTC,2020-06-02 23:59:59,10182.3407084,9460.57137098,10162.9731448,9529.80414872,39137252108.6748,175277218229.261
2593,Bitcoin,BTC,2020-06-03 23:59:59,9682.85947041,9471.84640611,9533.76049336,9656.71776526,25007459262.1552,177619631125.589
2594,Bitcoin,BTC,2020-06-04 23:59:59,9887.6106294,9525.24667912,9655.85445253,9800.63659532,25921805071.9826,180276153545.029
2595,Bitcoin,BTC,2020-06-05 23:59:59,9869.2369055,9663.21633712,9800.21547674,9665.53278908,23509628646.2021,177801825144.882
2596,Bitcoin,BTC,2020-06-06 23:59:59,9773.43201601,9591.02453467,9664.90477464,9653.67926335,20438419222.3341,177595657884.165
2597,Bitcoin,BTC,2020-06-07 23:59:59,9768.49790176,9458.1504702,9653.00332503,9758.8524174,25015250845.6586,179540253701.404
2598,Bitcoin,BTC,2020-06-08 23:59:59,9782.30649673,9675.88590718,9760.0632524,9771.48948366,21486346311.9064,179782576533.652
2599,Bitcoin,BTC,2020-06-09 23:59:59,9836.36896869,9664.72013333,9774.35993635,9795.70019463,23717842782.9821,180237817527.031
2600,Bitcoin,BTC,2020-06-10 23:59:59,9908.89655918,9728.29114041,9794.11951106,9870.09445278,25706567600.5701,181616765438.402
2601,Bitcoin,BTC,2020-06-11 23:59:59,9938.29767389,9263.06958826,9870.07852908,9321.78129819,30247143440.179,171538133043.473
2602,Bitcoin,BTC,2020-06-12 23:59:59,9540.46539289,9285.85140439,9320.69085457,9480.84378943,22610564515.3124,174474896921.532
2603,Bitcoin,BTC,2020-06-13 23:59:59,9493.21171489,9396.00939365,9480.73574979,9475.27733834,17564322315.198,174381819725.142
2604,Bitcoin,BTC,2020-06-14 23:59:59,9482.27093599,9347.59379317,9477.55403706,9386.78789214,18991732745.507,172763239787.199
2605,Bitcoin,BTC,2020-06-15 23:59:59,9504.86006526,8990.1759467,9386.03529073,9450.70198692,26699704768.4568,173947607771.726
2606,Bitcoin,BTC,2020-06-16 23:59:59,9579.43037458,9400.44500832,9454.26643056,9538.0243743,21565537208.8567,175563963385.476
2607,Bitcoin,BTC,2020-06-17 23:59:59,9540.42327076,9327.33958675,9533.78375101,9480.25536624,20177709879.1518,174508805561.132
2608,Bitcoin,BTC,2020-06-18 23:59:59,9482.78198635,9328.39559548,9481.56706237,9411.84046197,17770083002.7017,173256688664.117
2609,Bitcoin,BTC,2020-06-19 23:59:59,9440.87603373,9274.29612136,9410.29434848,9288.01871603,19632223107.3844,170985625732.412
2610,Bitcoin,BTC,2020-06-20 23:59:59,9394.97159448,9247.37967261,9290.96027975,9332.340762,17130541557.3081,171809438650.585
2611,Bitcoin,BTC,2020-06-21 23:59:59,9401.10749682,9300.43050848,9330.9264778,9303.62971409,15324301168.8293,171289415078.632
2612,Bitcoin,BTC,2020-06-22 23:59:59,9655.07321812,9296.87166573,9300.91545819,9648.71760979,21104009513.9664,177651397436.609
2613,Bitcoin,BTC,2020-06-23 23:59:59,9670.54076171,9547.24708412,9644.07594221,9629.65836578,17006433272.0405,177310052079.171
2614,Bitcoin,BTC,2020-06-24 23:59:59,9680.36714624,9278.23354695,9632.14957943,9313.61034868,18961716075.6046,171498781279.927
2615,Bitcoin,BTC,2020-06-25 23:59:59,9340.16150568,9095.32457939,9314.12688901,9264.81304308,18616048626.1063,170608289503.753
2616,Bitcoin,BTC,2020-06-26 23:59:59,9310.51638223,9101.73845201,9260.99499378,9162.91760386,18341465836.5998,168741367621.97
2617,Bitcoin,BTC,2020-06-27 23:59:59,9207.81098342,8998.21670066,9167.82427849,9045.39095672,17273093144.4037,166584831506.245
2618,Bitcoin,BTC,2020-06-28 23:59:59,9197.54701677,8975.52585473,9048.46083712,9143.58219104,14560870760.2209,168401806136.911
2619,Bitcoin,BTC,2020-06-29 23:59:59,9237.57275525,9041.87625573,9140.02907078,9190.85446467,16460547078.0368,169280659245.843
2620,Bitcoin,BTC,2020-06-30 23:59:59,9217.83601269,9084.83749244,9185.58126105,9137.99340026,15735797743.9923,168315606321.29
2621,Bitcoin,BTC,2020-07-01 23:59:59,9309.75486362,9104.73487906,9145.98505502,9228.32559024,15971550355.2327,169988756578.038
2622,Bitcoin,BTC,2020-07-02 23:59:59,9274.96292273,9036.6234943,9231.13965322,9123.41015432,16338916796.0184,168065586386.744
2623,Bitcoin,BTC,2020-07-03 23:59:59,9202.34438443,9058.79478198,9124.84264611,9087.30391103,13078970998.6402,167409720387.961
2624,Bitcoin,BTC,2020-07-04 23:59:59,9183.29558274,9053.62967104,9084.23373428,9132.48795051,12290528515.106,168251076677.956
2625,Bitcoin,BTC,2020-07-05 23:59:59,9162.18323157,8977.01563525,9126.090803,9073.94286936,12903406143.3498,167181726153.665
2626,Bitcoin,BTC,2020-07-06 23:59:59,9375.47475925,9058.6644583,9072.85007426,9375.47475925,17889263251.9634,172746103840.155
2627,Bitcoin,BTC,2020-07-07 23:59:59,9360.61757468,9201.81538154,9349.16137441,9252.27750386,13839652594.6508,170485472276.313
2628,Bitcoin,BTC,2020-07-08 23:59:59,9450.33567174,9249.49994806,9253.02015436,9428.3330848,19702359882.8975,173738543115.206
2629,Bitcoin,BTC,2020-07-09 23:59:59,9431.37858131,9234.99945975,9427.99387728,9277.96790642,18000702524.1277,170977231637.687
2630,Bitcoin,BTC,2020-07-10 23:59:59,9287.47159361,9118.00240742,9273.35699507,9278.8078672,16860035604.804,171001933826.989
2631,Bitcoin,BTC,2020-07-11 23:59:59,9293.53268075,9199.48551044,9277.51196283,9240.34632654,13249910444.0746,170302234777.528
2632,Bitcoin,BTC,2020-07-12 23:59:59,9319.41941671,9197.4503198,9241.0550437,9276.49985018,14452361906.8128,170977422928.131
2633,Bitcoin,BTC,2020-07-13 23:59:59,9306.40492983,9224.29284137,9277.2046601,9243.61385509,17519821266.4821,170379677119.097
2634,Bitcoin,BTC,2020-07-14 23:59:59,9283.84214229,9171.66111846,9238.7032275,9243.21341642,18085038362.4529,170380670524.821
2635,Bitcoin,BTC,2020-07-15 23:59:59,9275.32512547,9171.93355443,9241.89699957,9192.83736784,15844731575.2007,169460074575.96
2636,Bitcoin,BTC,2020-07-16 23:59:59,9214.31269823,9088.94740241,9191.9802336,9132.22786293,15713967522.662,168350501976.25
2637,Bitcoin,BTC,2020-07-17 23:59:59,9182.25430793,9089.20245471,9131.8121414,9151.39223963,13944570749.4994,168710427573.953
2638,Bitcoin,BTC,2020-07-18 23:59:59,9230.98350533,9100.82441002,9151.18404834,9159.03990531,12252601474.7851,168858972268.985
2639,Bitcoin,BTC,2020-07-19 23:59:59,9201.39848305,9097.63308598,9158.00603543,9185.81691242,12939002784.0054,169360219986.106
2640,Bitcoin,BTC,2020-07-20 23:59:59,9214.27062879,9137.50962153,9187.22037014,9164.2313647,13755604145.7171,168970262858.503
2641,Bitcoin,BTC,2020-07-21 23:59:59,9407.26305599,9149.3899187,9162.51448207,9374.88752808,18069581955.5535,172861732402.087
2642,Bitcoin,BTC,2020-07-22 23:59:59,9530.5190089,9319.65339503,9375.08046428,9525.36344997,16532254884.4441,175644844408.412
2643,Bitcoin,BTC,2020-07-23 23:59:59,9610.24712467,9483.00401906,9527.14199636,9581.07201141,18146399001.7048,176680237480.007
2644,Bitcoin,BTC,2020-07-24 23:59:59,9623.33703153,9481.45392527,9585.51480236,9536.89268563,16552768324.6558,175875016548.431
2645,Bitcoin,BTC,2020-07-25 23:59:59,9704.55701308,9530.21219614,9539.48551544,9677.11349729,16610070932.7937,178469614078.301
2646,Bitcoin,BTC,2020-07-26 23:59:59,10023.807661,9652.84720642,9680.23483128,9905.16724705,20507998996.6863,182685328095.43
2647,Bitcoin,BTC,2020-07-27 23:59:59,11298.2217576,9903.97011125,9905.21791377,10990.8733998,35359749590.1205,202719581736.842
2648,Bitcoin,BTC,2020-07-28 23:59:59,11204.327602,10632.6317033,11017.4638476,10912.8230505,28766551141.779,201290022192.811
2649,Bitcoin,BTC,2020-07-29 23:59:59,11304.3970694,10856.1413409,10912.9529611,11100.4681253,24617249714.5052,204761455132.909
2650,Bitcoin,BTC,2020-07-30 23:59:59,11169.3566691,10895.4554062,11099.8328914,11111.2142899,22857247900.667,204969047788.0
2651,Bitcoin,BTC,2020-07-31 23:59:59,11415.8638958,10987.0535485,11110.2109424,11323.4664207,23160469766.3921,208895308529.074
2652,Bitcoin,BTC,2020-08-01 23:59:59,11794.7753933,11239.6827355,11322.5705008,11759.5927707,26075670302.7985,216950669097.909
2653,Bitcoin,BTC,2020-08-02 23:59:59,12034.1441504,11018.1300423,11758.7646653,11053.613901,27410067336.0208,203936136729.627
2654,Bitcoin,BTC,2020-08-03 23:59:59,11453.0787225,11012.4147398,11043.7688847,11246.3487749,20271713443.2596,207503423455.952
2655,Bitcoin,BTC,2020-08-04 23:59:59,11385.3815713,11094.1453896,11246.2032469,11205.8929179,21250197042.2032,206767135617.319
2656,Bitcoin,BTC,2020-08-05 23:59:59,11786.6168994,11158.2851945,11203.8230991,11747.0228312,24411254471.1224,216761492405.85
2657,Bitcoin,BTC,2020-08-06 23:59:59,11902.3359717,11598.7138024,11749.8713321,11779.7732574,23400740340.1344,217377233001.076
2658,Bitcoin,BTC,2020-08-07 23:59:59,11898.0384141,11408.5940427,11778.8942824,11601.4727146,23132312867.154,214097928027.496
2659,Bitcoin,BTC,2020-08-08 23:59:59,11800.0648506,11558.4316317,11604.5533476,11754.0458135,17572057837.4054,216924147850.741
2660,Bitcoin,BTC,2020-08-09 23:59:59,11806.0562765,11548.7844464,11737.3252342,11675.7393433,17489608833.2939,215490364254.781
2661,Bitcoin,BTC,2020-08-10 23:59:59,12045.1403178,11662.2569338,11662.2569338,11878.1113253,26114112569.4156,219235405395.415
2662,Bitcoin,BTC,2020-08-11 23:59:59,11932.7111738,11195.7092716,11881.64754,11410.5256775,27039782639.9113,210616121944.733
2663,Bitcoin,BTC,2020-08-12 23:59:59,11748.3964937,11249.6054441,11404.5968775,11584.9345762,25064548486.4884,213846666475.048
2664,Bitcoin,BTC,2020-08-13 23:59:59,11796.3961941,11216.8725398,11588.4055125,11784.1373895,27522199497.2324,217534728412.949
2665,Bitcoin,BTC,2020-08-14 23:59:59,12150.9936677,11685.4554805,11772.6593859,11768.8706193,24237958589.0645,217265120502.897
2666,Bitcoin,BTC,2020-08-15 23:59:59,11963.2030649,11768.6971443,11768.6971443,11865.69857,23354924400.3362,219064372745.259
2667,Bitcoin,BTC,2020-08-16 23:59:59,11934.9009151,11737.1885988,11866.6855801,11892.8040631,20583375490.1685,219576092170.359
2668,Bitcoin,BTC,2020-08-17 23:59:59,12359.0570221,11806.6958823,11895.6577737,12254.4019083,28227687026.7691,226261747567.102
2669,Bitcoin,BTC,2020-08-18 23:59:59,12335.7070704,11954.5257491,12251.8959698,11991.2332456,26043227671.8792,221413097553.274
2670,Bitcoin,BTC,2020-08-19 23:59:59,12028.9234443,11687.3328305,11990.8847804,11758.2835921,24502851117.2582,217122068305.445
2671,Bitcoin,BTC,2020-08-20 23:59:59,11900.4111753,11710.0633726,11761.499735,11878.3716211,20175242944.6744,219350310325.759
2672,Bitcoin,BTC,2020-08-21 23:59:59,11899.2593199,11564.9793191,11878.026439,11592.4890449,23762425998.9504,214082401860.976
2673,Bitcoin,BTC,2020-08-22 23:59:59,11689.4073895,11448.8060449,11585.4775342,11681.8255623,20224191305.9585,215742068894.983
2674,Bitcoin,BTC,2020-08-23 23:59:59,11713.4297949,11559.9212608,11679.6959587,11664.8479948,18482062657.8012,215439967321.336
2675,Bitcoin,BTC,2020-08-24 23:59:59,11807.6323164,11623.2504376,11663.6895523,11774.5958414,20681511754.5735,217477962650.242
2676,Bitcoin,BTC,2020-08-25 23:59:59,11778.2998953,11189.8510492,11773.58935,11366.1350817,26301509931.9274,209942744480.573
2677,Bitcoin,BTC,2020-08-26 23:59:59,11530.0530661,11296.993373,11366.8949329,11488.3634896,22466660957.6266,212210534428.287
2678,Bitcoin,BTC,2020-08-27 23:59:59,11570.7863091,11185.9418123,11485.6083964,11323.3970324,23240415075.9787,209172436816.551
2679,Bitcoin,BTC,2020-08-28 23:59:59,11545.6154059,11316.4224397,11325.2956031,11542.4997333,19807127587.5076,213231661583.088
2680,Bitcoin,BTC,2020-08-29 23:59:59,11585.6406794,11466.2933646,11541.0543254,11506.8653177,17485597759.1377,212583870983.482
2681,Bitcoin,BTC,2020-08-30 23:59:59,11715.2648492,11492.381773,11508.7139745,11711.506161,19760127944.6617,216373660045.36
2682,Bitcoin,BTC,2020-08-31 23:59:59,11768.8767439,11598.3184963,11713.3062719,11680.8204905,22285928250.3117,215817677821.857
2683,Bitcoin,BTC,2020-09-01 23:59:59,12067.0812887,11601.1286113,11679.3166637,11970.4787405,27311555343.111,221181001606.839
2684,Bitcoin,BTC,2020-09-02 23:59:59,11964.8228043,11290.7942647,11964.8228043,11414.0337325,28037405298.8447,210909793680.913
2685,Bitcoin,BTC,2020-09-03 23:59:59,11443.0227947,10182.4650856,11407.1910772,10245.296686,31927261554.7735,189322069063.343
2686,Bitcoin,BTC,2020-09-04 23:59:59,10663.9200452,10207.9402189,10230.3651615,10511.8138807,29965130373.7473,194255818703.632
2687,Bitcoin,BTC,2020-09-05 23:59:59,10581.5714107,9946.67532811,10512.5301954,10169.567221,44916565291.5468,187940141275.803
2688,Bitcoin,BTC,2020-09-06 23:59:59,10353.928072,10056.8857496,10167.2167634,10280.3517032,37071460174.4703,189997214393.289
2689,Bitcoin,BTC,2020-09-07 23:59:59,10399.1534283,9916.49293063,10280.9976217,10369.5637386,33703098409.3065,191657203885.383
2690,Bitcoin,BTC,2020-09-08 23:59:59,10414.7752084,9945.11015892,10369.3069685,10131.5166457,33430927462.2299,187267336727.676
2691,Bitcoin,BTC,2020-09-09 23:59:59,10350.5427324,10017.2510729,10134.1515061,10242.3477803,24128292754.8478,189325507175.126
2692,Bitcoin,BTC,2020-09-10 23:59:59,10503.9125262,10238.1358906,10242.3301347,10363.1390401,54406443210.5135,191568387061.555
2693,Bitcoin,BTC,2020-09-11 23:59:59,10434.9225461,10140.8366858,10369.0283892,10400.9146854,45201121774.7768,192275791668.534
2694,Bitcoin,BTC,2020-09-12 23:59:59,10578.8382504,10292.3865099,10409.8617874,10442.1706031,36750077323.5385,193049493276.593
2695,Bitcoin,BTC,2020-09-13 23:59:59,10577.2152413,10224.3299006,10452.3990309,10323.7557975,36506852789.3039,190870759062.079
2696,Bitcoin,BTC,2020-09-14 23:59:59,10800.0110604,10266.008771,10328.7341116,10680.8374328,35453581939.7213,197484272946.612
2697,Bitcoin,BTC,2020-09-15 23:59:59,10938.6320402,10656.4603435,10677.7548513,10796.9509861,32509451925.0468,199641896761.512
2698,Bitcoin,BTC,2020-09-16 23:59:59,11100.1243423,10704.8843495,10797.7620187,10974.9048915,30769986454.5301,202942925722.083
2699,Bitcoin,BTC,2020-09-17 23:59:59,11037.4211271,10774.6276667,10973.2522347,10948.9899152,38151810523.0524,202475761712.394
2700,Bitcoin,BTC,2020-09-18 23:59:59,11034.908069,10829.6568158,10951.8200208,10944.5858045,26341903912.3861,202405809880.581
2701,Bitcoin,BTC,2020-09-19 23:59:59,11134.0927157,10909.6183675,10933.7526485,11094.3462761,22764204007.5724,205185696336.192
2702,Bitcoin,BTC,2020-09-20 23:59:59,11095.8697916,10814.4770514,11095.8697916,10938.2712894,24699523787.7245,202308927892.353
2703,Bitcoin,BTC,2020-09-21 23:59:59,10988.304783,10380.2607189,10934.9255349,10462.2596185,28884999243.6721,193514327128.297
2704,Bitcoin,BTC,2020-09-22 23:59:59,10568.0767512,10382.7262965,10459.6245084,10538.4603213,23621787803.579,194932197947.436
2705,Bitcoin,BTC,2020-09-23 23:59:59,10537.82809054,10197.86492469,10535.49244237,10246.18649281,23788661866.987087,189529920746.46765
2706,Bitcoin,BTC,2020-09-24 23:59:59,10771.05620224,10231.49011991,10248.78655955,10760.06625677,47144380901.6858,199045623654.10297
2707,Bitcoin,BTC,2020-09-25 23:59:59,10777.69586388,10578.91424754,10761.10978907,10692.71721234,39348590957.36073,197809986225.92685
2708,Bitcoin,BTC,2020-09-26 23:59:59,10772.99865956,10667.28093407,10695.57508179,10750.72357903,46852525492.62939,198893019773.83698
2709,Bitcoin,BTC,2020-09-27 23:59:59,10803.97608005,10622.92175798,10746.89275768,10775.26937624,53745972818.15112,199357967522.5053
2710,Bitcoin,BTC,2020-09-28 23:59:59,10945.34790707,10703.89325099,10776.6136391,10709.65218175,47762394730.65361,198154065044.1842
2711,Bitcoin,BTC,2020-09-29 23:59:59,10860.00069783,10649.49543862,10709.65002191,10844.64098118,46582396602.07544,200660083838.7249
2712,Bitcoin,BTC,2020-09-30 23:59:59,10847.25699325,10669.32109268,10843.87075063,10784.49157795,44171073700.186745,199556965503.7717
2713,Bitcoin,BTC,2020-10-01 23:59:59,10933.62430944,10472.35651799,10795.25474253,10619.45190766,40023134099.56767,196512086756.2781
2714,Bitcoin,BTC,2020-10-02 23:59:59,10657.83798611,10416.68920469,10619.8212156,10575.97504191,48661453917.9649,195716085732.39612
2715,Bitcoin,BTC,2020-10-03 23:59:59,10598.94080319,10511.12977968,10575.10063586,10549.32889962,44660271563.31908,195233191301.2567
2716,Bitcoin,BTC,2020-10-04 23:59:59,10686.00009766,10534.39183687,10550.44067126,10669.58254327,71251776994.76472,197468899356.8617
2717,Bitcoin,BTC,2020-10-05 23:59:59,10793.50785056,10634.60016313,10676.52895637,10793.33942751,47537578008.85223,199769602127.94168
2718,Bitcoin,BTC,2020-10-06 23:59:59,10797.57808729,10528.890831,10796.30685484,10604.40588882,42623695307.42572,196281911458.15375
2719,Bitcoin,BTC,2020-10-07 23:59:59,10680.50819786,10562.50712617,10603.35546589,10668.96895539,37799458435.80039,197485816054.93155
2720,Bitcoin,BTC,2020-10-08 23:59:59,10945.73703324,10562.60610109,10669.37115892,10915.68573098,63314794397.11185,202064144550.3406
2721,Bitcoin,BTC,2020-10-09 23:59:59,11102.67150545,10846.8504295,10927.91292433,11064.45759247,22799117612.794453,204827451843.37863
2722,Bitcoin,BTC,2020-10-10 23:59:59,11442.2111099,11056.94053325,11059.14269142,11296.3614282,22877978587.762783,209130239494.6501
2723,Bitcoin,BTC,2020-10-11 23:59:59,11428.81376969,11288.62766113,11296.08178425,11384.1819535,19968627059.96427,210766812992.17508
2724,Bitcoin,BTC,2020-10-12 23:59:59,11698.4677363,11240.68699569,11392.63621516,11555.3628878,26163972641.64605,213950143824.2092
2725,Bitcoin,BTC,2020-10-13 23:59:59,11548.98483187,11321.22451322,11548.71975926,11425.8994007,24241420250.858337,211565586739.30667
2726,Bitcoin,BTC,2020-10-14 23:59:59,11539.97794666,11307.8308683,11429.04780192,11429.50688675,24103426719.264656,211643390713.38095
2727,Bitcoin,BTC,2020-10-15 23:59:59,11569.91418955,11303.60351126,11426.60259823,11495.34965037,24487233057.76924,212873103428.00137
2728,Bitcoin,BTC,2020-10-16 23:59:59,11540.06192994,11223.01278163,11502.82812628,11322.12268618,25635480771.680893,209676088343.852
2729,Bitcoin,BTC,2020-10-17 23:59:59,11386.26157113,11285.34551243,11322.1226857,11358.10156733,19130430173.838352,210353665235.4524
2730,Bitcoin,BTC,2020-10-18 23:59:59,11483.35971184,11347.57856324,11355.98226642,11483.35971184,18283314340.336567,212682581771.31265
2731,Bitcoin,BTC,2020-10-19 23:59:59,11799.0929777,11408.29011785,11495.03793859,11742.03715033,23860769927.722214,217482407293.08884
2732,Bitcoin,BTC,2020-10-20 23:59:59,11999.91801959,11681.48002079,11745.97493298,11916.33514058,30915821592.10161,220721282864.58752
2733,Bitcoin,BTC,2020-10-21 23:59:59,13184.56617255,11900.92861734,11913.07748936,12823.68918938,43414712626.04591,237532386962.5129
2734,Bitcoin,BTC,2020-10-22 23:59:59,13161.5941072,12717.09345651,12801.63536307,12965.89129043,34729759598.04668,240166387521.54385
2735,Bitcoin,BTC,2020-10-23 23:59:59,13015.96144265,12752.64702492,12971.54847683,12931.53902256,28974975002.911232,239557562148.2678
2736,Bitcoin,BTC,2020-10-24 23:59:59,13145.06668559,12885.74662851,12931.57391476,13108.06261161,24542317939.95521,242839876186.2097
2737,Bitcoin,BTC,2020-10-25 23:59:59,13329.18403245,12910.06108914,13108.06314181,13031.17431056,24406920575.03764,241425217439.9117
2738,Bitcoin,BTC,2020-10-26 23:59:59,13225.29776076,12822.38232695,13031.20124688,13075.24769656,29461458313.155544,242250997935.6733
2739,Bitcoin,BTC,2020-10-27 23:59:59,13759.66872521,13060.83803686,13075.24249433,13654.21844012,33749878155.991123,252985946389.91595
2740,Bitcoin,BTC,2020-10-28 23:59:59,13837.69545246,12932.25058412,13654.21446094,13271.28536861,35867318894.915474,245899824464.83197
2741,Bitcoin,BTC,2020-10-29 23:59:59,13612.04801658,12980.0592813,13271.29897868,13437.8832414,56499499598.2837,248995322466.39035
2742,Bitcoin,BTC,2020-10-30 23:59:59,13651.51626952,13136.19868838,13437.87353717,13546.52226938,30581485200.6849,251018154919.98657
2743,Bitcoin,BTC,2020-10-31 23:59:59,14028.21429317,13457.52983298,13546.5326493,13780.99470249,30306464718.75512,255372071116.27853
2744,Bitcoin,BTC,2020-11-01 23:59:59,13862.03362917,13628.37821941,13780.99480514,13737.10982864,24453857900.087803,254569759062.5861
2745,Bitcoin,BTC,2020-11-02 23:59:59,13808.32287396,13243.159866,13737.03221087,13550.4893841,30771455467.79213,251119864445.3435
2746,Bitcoin,BTC,2020-11-03 23:59:59,13984.98192782,13325.44138201,13550.450882,13950.30084729,29869951617.25349,258541441763.9419
2747,Bitcoin,BTC,2020-11-04 23:59:59,14218.76646779,13580.47207098,13950.4879059,14133.70715301,35116364961.75642,261954213176.1068
2748,Bitcoin,BTC,2020-11-05 23:59:59,15706.40445571,14102.08909494,14133.73388336,15579.84846029,40856321438.537605,288771509680.94745
2749,Bitcoin,BTC,2020-11-06 23:59:59,15903.43797604,15226.8393924,15579.72923853,15565.88058083,39837841971.44575,288526920959.49664
2750,Bitcoin,BTC,2020-11-07 23:59:59,15737.09557115,14423.20290926,15565.88058298,14833.7541075,35024953705.61895,274970333139.98395
2751,Bitcoin,BTC,2020-11-08 23:59:59,15637.32033788,14744.10989581,14833.75408424,15479.56703842,26632075028.85488,286955182899.01483
2752,Bitcoin,BTC,2020-11-09 23:59:59,15785.13687202,14865.52927664,15479.59572319,15332.31559743,34149115565.701942,284236108837.2787
2753,Bitcoin,BTC,2020-11-10 23:59:59,15450.32935034,15124.95988876,15332.350373,15290.90268148,25574938143.151707,283468380961.4247
2754,Bitcoin,BTC,2020-11-11 23:59:59,15916.26081024,15290.00681729,15290.90879034,15701.33973237,29772374934.00697,291077214051.6671
2755,Bitcoin,BTC,2020-11-12 23:59:59,16305.00422517,15534.7718061,15701.29906726,16276.34394919,34175758344.061382,301736853824.6971
2756,Bitcoin,BTC,2020-11-13 23:59:59,16463.17783998,15992.1528006,16276.4404772,16317.80819009,31599492172.18153,302505533181.2506
2757,Bitcoin,BTC,2020-11-14 23:59:59,16317.80834223,15749.19296725,16317.80834223,16068.13870685,27481710135.408524,297877068422.63354
2758,Bitcoin,BTC,2020-11-15 23:59:59,16123.11045585,15793.53391679,16068.13999417,15955.58743887,23653867582.698807,295790551597.8903
2759,Bitcoin,BTC,2020-11-16 23:59:59,16816.18144902,15880.7056812,15955.57698439,16716.11132377,31526766675.186485,309889423249.1071
2760,Bitcoin,BTC,2020-11-17 23:59:59,17782.92055432,16564.54499204,16685.69093058,17645.40576746,39006849169.8069,327257094857.4363
2761,Bitcoin,BTC,2020-11-18 23:59:59,18393.94914579,17352.906612,17645.19047404,17804.00563217,49064800277.87428,330218014062.15594
2762,Bitcoin,BTC,2020-11-19 23:59:59,18119.54784964,17382.55398903,17803.86174661,17817.09024754,36985055355.38892,330475167134.4854
2763,Bitcoin,BTC,2020-11-20 23:59:59,18773.22751179,17765.79576896,17817.08366299,18621.31436938,36992873939.98525,345411881099.1716
2764,Bitcoin,BTC,2020-11-21 23:59:59,18936.62068806,18444.3589249,18621.31587778,18642.23276593,39650210707.29688,345819234184.5931
2765,Bitcoin,BTC,2020-11-22 23:59:59,18688.96913465,17671.38482599,18642.232992,18370.00252365,41280434225.93024,340790183317.33075
2766,Bitcoin,BTC,2020-11-23 23:59:59,18711.42673061,18000.79611004,18370.01733874,18364.12159134,42741112307.89879,340698070308.13434
2767,Bitcoin,BTC,2020-11-24 23:59:59,19348.27096299,18128.65617407,18365.01468531,19107.46444977,51469565008.67291,354504361032.3469
2768,Bitcoin,BTC,2020-11-25 23:59:59,19390.96555566,18581.14653195,19104.40961035,18732.1207774,43710357371.4586,347558803507.37305
2769,Bitcoin,BTC,2020-11-26 23:59:59,18866.28612952,16351.03485441,18729.84058731,17150.62357809,61396835736.93506,318231964319.3874
2770,Bitcoin,BTC,2020-11-27 23:59:59,17445.02428555,16526.42352825,17153.91312468,17108.40172774,38886494645.12133,317464460530.40906
2771,Bitcoin,BTC,2020-11-28 23:59:59,17853.93919131,16910.65271094,17112.93423773,17717.4150112,32601040733.64276,328782832211.7004
2772,Bitcoin,BTC,2020-11-29 23:59:59,18283.62817317,17559.11762249,17719.63461354,18177.48341979,31133957704.27213,337336592123.068
2773,Bitcoin,BTC,2020-11-30 23:59:59,19749.26369425,18178.32211783,18178.32211783,19625.83502949,47728480399.27992,364229729425.8729
2774,Bitcoin,BTC,2020-12-01 23:59:59,19845.97548328,18321.92093045,19633.77044727,18802.99829969,49633658712.12445,348976597317.84424
2775,Bitcoin,BTC,2020-12-02 23:59:59,19308.33066301,18347.71783787,18801.74359314,19201.09115697,37387697138.68447,356381007570.9198
2776,Bitcoin,BTC,2020-12-03 23:59:59,19566.19188355,18925.78443384,19205.92540409,19445.39847988,31930317405.271645,360933936016.877
2777,Bitcoin,BTC,2020-12-04 23:59:59,19511.40471415,18697.19291384,19446.96642246,18699.76561337,33872388057.716797,347111351136.3285
2778,Bitcoin,BTC,2020-12-05 23:59:59,19160.44926489,18590.19367526,18698.38527851,19154.231131,27242455063.892467,355563938256.3379
2779,Bitcoin,BTC,2020-12-06 23:59:59,19390.49989515,18897.89407205,19154.18059333,19345.12095871,25293775713.52131,359123541247.0556
2780,Bitcoin,BTC,2020-12-07 23:59:59,19411.82767631,18931.14291942,19343.12879819,19191.63128698,26896357742.243275,356293229783.3031
2781,Bitcoin,BTC,2020-12-08 23:59:59,19283.47833933,18269.94544375,19191.52946283,18321.14491611,31692288756.379017,340148764251.7229
2782,Bitcoin,BTC,2020-12-09 23:59:59,18626.29265152,17935.54781966,18320.88478403,18553.91537685,34420373070.859474,344486483494.44324
2783,Bitcoin,BTC,2020-12-10 23:59:59,18553.29972814,17957.06521319,18553.29972814,18264.99210672,25547132265.471,339136939585.8366
2784,Bitcoin,BTC,2020-12-11 23:59:59,18268.4528447,17619.53238938,18263.92925463,18058.90334725,27919640985.34144,335326168918.5213
2785,Bitcoin,BTC,2020-12-12 23:59:59,18919.55122775,18046.04072366,18051.31998973,18803.65687045,21752580801.78931,349170613898.91974
2786,Bitcoin,BTC,2020-12-13 23:59:59,19381.53577302,18734.33288842,18806.76647897,19142.3825335,25450468636.538254,355479173805.69794
2787,Bitcoin,BTC,2020-12-14 23:59:59,19305.10044332,19012.70940762,19144.49245994,19246.64434137,22473997681.144253,357432550019.95447
2788,Bitcoin,BTC,2020-12-15 23:59:59,19525.0075905,19079.84237737,19246.91998427,19417.07603342,26741982541.49698,360614771026.8855
2789,Bitcoin,BTC,2020-12-16 23:59:59,21458.90789704,19298.31727724,19418.81840055,21310.59813054,44409011479.22107,395799863745.9665
2790,Bitcoin,BTC,2020-12-17 23:59:59,23642.66010576,21234.67652917,21308.35140371,22805.16149213,71378606373.62286,423576934966.4241
2791,Bitcoin,BTC,2020-12-18 23:59:59,23238.60062331,22399.81280236,22806.79637266,23137.96056165,40387896274.67765,429781092527.7448
2792,Bitcoin,BTC,2020-12-19 23:59:59,24085.85537123,22826.47216789,23132.86511797,23869.83196434,38487546579.56274,443399267276.8764
2793,Bitcoin,BTC,2020-12-20 23:59:59,24209.65988828,23147.71102921,23861.7657379,23477.29519711,37844228421.87064,436129331482.25616
2794,Bitcoin,BTC,2020-12-21 23:59:59,24059.98230987,22159.36806298,23474.45540815,22803.0814087,45852713980.88911,423625088584.1859
2795,Bitcoin,BTC,2020-12-22 23:59:59,23789.90284154,22430.60469165,22794.03960022,23783.02850288,44171632680.60435,441850902134.2294
2796,Bitcoin,BTC,2020-12-23 23:59:59,24024.48959027,22802.64570202,23781.97438638,23241.34486501,51146161904.32344,431808778580.3048
2797,Bitcoin,BTC,2020-12-24 23:59:59,23768.3385448,22777.59680778,23240.20362271,23735.94972763,41080759712.61937,441017197764.42126
2798,Bitcoin,BTC,2020-12-25 23:59:59,24710.10155607,23463.67427254,23733.56954677,24664.79027412,42068395845.63074,458297232691.903
2799,Bitcoin,BTC,2020-12-26 23:59:59,26718.07089319,24522.68948211,24677.01605649,26437.0375091,48332647295.43001,491250863156.9848
2800,Bitcoin,BTC,2020-12-27 23:59:59,28288.84002225,25922.76976496,26439.37328852,26272.29456706,66479895605.09452,488213268382.0132
2801,Bitcoin,BTC,2020-12-28 23:59:59,27389.11206428,26207.63993146,26280.82141511,27084.80788628,49056742892.60884,503339329917.2024
2802,Bitcoin,BTC,2020-12-29 23:59:59,27370.7200843,25987.29807483,27081.80972919,27362.4365573,45265946774.40101,508523687096.6884
2803,Bitcoin,BTC,2020-12-30 23:59:59,28937.74000401,27360.08970906,27360.08970906,28840.95341968,51287442703.98229,536033807160.8408
